Workbook

Sheet DASHBOARD
A1: KDV BEYANNAME ROBOTU - DASHBOARD / MERKEZLER HARİÇ
A2: Toplam 391 / Hesaplanan+İlave | B2: =KDV_BEYAN_ICMAL!O10
A3: Toplam 191 / İndirilecek+İade | B3: =KDV_BEYAN_ICMAL!P10 | D3: Şube | E3: Net KDV | F3: Sonuç | G3: Kritik Fark | H3: 600/391 Fark | I3: 610/191 Fark | J3: Beyanname Notu | K3: Hatalı KDV Nedeni | L3: Kontrol Edilecek Alan
A4: Net KDV | B4: =KDV_BEYAN_ICMAL!Q10
A5: Genel Sonuç | B5: =KDV_BEYAN_ICMAL!R10
A6: Kritik/Küçük Fark Sayısı | B6: =SUM(KDV_HESAP_TABANI!AQ2:AQ7)
A7: Tevkifatlı İndirilecek KDV | B7: =SUM(KDV_HESAP_TABANI!AI2:AI7)
A8: Dashboard Hata Nedeni | B8: =IF(SUM(KDV_HESAP_TABANI!AQ2:AQ7)=0,"Kritik hata yok",IF(KDV_HESAP_TABANI!AQ2>0,KDV_HESAP_TABANI!AR2,IF(KDV_HESAP_TABANI!AQ3>0,KDV_HESAP_TABANI!AR3,IF(KDV_HESAP_TABANI!AQ4>0,KDV_HESAP_TABANI!AR4,IF(KDV_HESAP_TABANI!AQ5>0,KDV_HESAP_TABANI!AR5,IF(KDV_HESAP_TABANI!AQ6>0,KDV_HESAP_TABANI!AR6,KDV_HESAP_TABANI!AR7)))))) | D8: =KDV_HESAP_TABANI!A2 | E8: =KDV_HESAP_TABANI!AO2 | F8: =KDV_HESAP_TABANI!AP2 | G8: =KDV_HESAP_TABANI!AQ2 | H8: =KDV_HESAP_TABANI!E2+KDV_HESAP_TABANI!J2 | I8: =KDV_HESAP_TABANI!O2+KDV_HESAP_TABANI!T2 | J8: =KDV_BEYAN_ICMAL!S4 | K8: =KDV_HESAP_TABANI!AR2 | L8: =KDV_HESAP_TABANI!AS2
D9: =KDV_HESAP_TABANI!A3 | E9: =KDV_HESAP_TABANI!AO3 | F9: =KDV_HESAP_TABANI!AP3 | G9: =KDV_HESAP_TABANI!AQ3 | H9: =KDV_HESAP_TABANI!E3+KDV_HESAP_TABANI!J3 | I9: =KDV_HESAP_TABANI!O3+KDV_HESAP_TABANI!T3 | J9: =KDV_BEYAN_ICMAL!S5 | K9: =KDV_HESAP_TABANI!AR3 | L9: =KDV_HESAP_TABANI!AS3
D10: =KDV_HESAP_TABANI!A4 | E10: =KDV_HESAP_TABANI!AO4 | F10: =KDV_HESAP_TABANI!AP4 | G10: =KDV_HESAP_TABANI!AQ4 | H10: =KDV_HESAP_TABANI!E4+KDV_HESAP_TABANI!J4 | I10: =KDV_HESAP_TABANI!O4+KDV_HESAP_TABANI!T4 | J10: =KDV_BEYAN_ICMAL!S6 | K10: =KDV_HESAP_TABANI!AR4 | L10: =KDV_HESAP_TABANI!AS4
D11: =KDV_HESAP_TABANI!A5 | E11: =KDV_HESAP_TABANI!AO5 | F11: =KDV_HESAP_TABANI!AP5 | G11: =KDV_HESAP_TABANI!AQ5 | H11: =KDV_HESAP_TABANI!E5+KDV_HESAP_TABANI!J5 | I11: =KDV_HESAP_TABANI!O5+KDV_HESAP_TABANI!T5 | J11: =KDV_BEYAN_ICMAL!S7 | K11: =KDV_HESAP_TABANI!AR5 | L11: =KDV_HESAP_TABANI!AS5
D12: =KDV_HESAP_TABANI!A6 | E12: =KDV_HESAP_TABANI!AO6 | F12: =KDV_HESAP_TABANI!AP6 | G12: =KDV_HESAP_TABANI!AQ6 | H12: =KDV_HESAP_TABANI!E6+KDV_HESAP_TABANI!J6 | I12: =KDV_HESAP_TABANI!O6+KDV_HESAP_TABANI!T6 | J12: =KDV_BEYAN_ICMAL!S8 | K12: =KDV_HESAP_TABANI!AR6 | L12: =KDV_HESAP_TABANI!AS6
D13: =KDV_HESAP_TABANI!A7 | E13: =KDV_HESAP_TABANI!AO7 | F13: =KDV_HESAP_TABANI!AP7 | G13: =KDV_HESAP_TABANI!AQ7 | H13: =KDV_HESAP_TABANI!E7+KDV_HESAP_TABANI!J7 | I13: =KDV_HESAP_TABANI!O7+KDV_HESAP_TABANI!T7 | J13: =KDV_BEYAN_ICMAL!S9 | K13: =KDV_HESAP_TABANI!AR7 | L13: =KDV_HESAP_TABANI!AS7

Sheet RAW_HESAP_KARTLARI
A1: Hesap Kodu | B1: Hesap Adı | C1: Kart Dvz | D1: Şube | E1: Borç | F1: Alacak | G1: Bakiye | H1: B/A | I1: Dvz Borç | J1: Dvz Alacak | K1: Dvz Bakiye | L1: Dvz B/A
A2: 1 | B2: DÖNEN VARLIKLAR | C2: TRY | E2: 8.4487762e+09 | F2: 7.8473093e+09 | G2: 6.0146692e+08 | I2: 2.4357832e+09 | J2: 2.2934077e+09 | K2: 1.423755e+08
A3: 10 | B3: HAZIR DEĞERLER | C3: TRY | E3: 6.518574e+09 | F3: 6.7008291e+09 | G3: -1.8225514e+08 | I3: 1.1308049e+09 | J3: 1.2927585e+09 | K3: -1.6195363e+08
A4: 100 | B4: KASA | C4: TRY | E4: 13059627 | F4: 11754551 | G4: 1305076.6 | I4: 1027591.9 | J4: 561595.18 | K4: 465996.71
A5: 100.01 | B5: TL KASASI | C5: TRY | E5: 13059627 | F5: 11754551 | G5: 1305076.6 | I5: 1027591.9 | J5: 561595.18 | K5: 465996.71
A6: 100.01.01 | B6: TL KASASI | C6: TRY | E6: 785662.53 | F6: 340118.45 | G6: 445544.08 | I6: 785662.53 | J6: 340118.45 | K6: 445544.08
A7: 100.01.01.0001 | B7: TL Ana Kasa | C7: TRY | D7: ROYAL ADAM EVE | E7: 0 | F7: 124270 | G7: -124270 | H7: Alacak | I7: 0 | J7: 124270 | K7: -124270 | L7: Alacak
A8: 100.01.01.0001 | B8: TL Ana Kasa | C8: TRY | D8: ROYAL ALHAMBRA | E8: 0 | F8: 855.6 | G8: -855.6 | H8: Alacak | I8: 0 | J8: 855.6 | K8: -855.6 | L8: Alacak
A9: 100.01.01.0001 | B9: TL Ana Kasa | C9: TRY | D9: ROYAL DRAGON | E9: 0 | F9: 10806.26 | G9: -10806.26 | H9: Alacak | I9: 0 | J9: 10806.26 | K9: -10806.26 | L9: Alacak
A10: 100.01.01.0001 | B10: TL Ana Kasa | C10: TRY | D10: ROYAL HOLIDAY | E10: 0 | F10: 110940 | G10: -110940 | H10: Alacak | I10: 0 | J10: 110940 | K10: -110940 | L10: Alacak
A11: 100.01.01.0001 | B11: TL Ana Kasa | C11: TRY | D11: ROYAL SEGINUS | E11: 4835.23 | F11: 92007.15 | G11: -87171.92 | H11: Alacak | I11: 4835.23 | J11: 92007.15 | K11: -87171.92 | L11: Alacak
A12: 100.01.01.0001 | B12: TL Ana Kasa | C12: TRY | D12: SERTAŞ MERKEZ | E12: 0 | F12: 1239.44 | G12: -1239.44 | H12: Alacak | I12: 0 | J12: 1239.44 | K12: -1239.44 | L12: Alacak
A13: 100.01.01.0002 | B13: Önbüro TL Kasası | C13: TRY | D13: ROYAL ADAM EVE | E13: 439734.61 | F13: 0 | G13: 439734.61 | H13: Borç | I13: 439734.61 | J13: 0 | K13: 439734.61 | L13: Borç
A14: 100.01.01.0002 | B14: Önbüro TL Kasası | C14: TRY | D14: ROYAL ALHAMBRA | E14: 1593.67 | F14: 0 | G14: 1593.67 | H14: Borç | I14: 1593.67 | J14: 0 | K14: 1593.67 | L14: Borç
A15: 100.01.01.0002 | B15: Önbüro TL Kasası | C15: TRY | D15: ROYAL DRAGON | E15: 1272.34 | F15: 0 | G15: 1272.34 | H15: Borç | I15: 1272.34 | J15: 0 | K15: 1272.34 | L15: Borç
A16: 100.01.01.0002 | B16: Önbüro TL Kasası | C16: TRY | D16: ROYAL HOLIDAY | E16: 134737.86 | F16: 0 | G16: 134737.86 | H16: Borç | I16: 134737.86 | J16: 0 | K16: 134737.86 | L16: Borç
A17: 100.01.01.0002 | B17: Önbüro TL Kasası | C17: TRY | D17: ROYAL SEGINUS | E17: 203488.82 | F17: 0 | G17: 203488.82 | H17: Borç | I17: 203488.82 | J17: 0 | K17: 203488.82 | L17: Borç
A18: 100.01.02 | B18: DÖVİZ KASASI | C18: TRY | E18: 12273965 | F18: 11414432 | G18: 859532.48 | I18: 241929.36 | J18: 221476.73 | K18: 20452.63
A19: 100.01.02.0001 | B19: Usd Kasası | C19: USD | D19: ROYAL ADAM EVE | E19: 448437.79 | F19: 1249035.7 | G19: -800597.95 | H19: Alacak | I19: 9700 | J19: 27170 | K19: -17470 | L19: Alacak
A20: 100.01.02.0001 | B20: Usd Kasası | C20: USD | D20: ROYAL HOLIDAY | E20: 0 | F20: 320994.15 | G20: -320994.15 | H20: Alacak | I20: 0 | J20: 6968 | K20: -6968 | L20: Alacak
A21: 100.01.02.0001 | B21: Usd Kasası | C21: USD | D21: ROYAL SEGINUS | E21: 0 | F21: 983568.99 | G21: -983568.99 | H21: Alacak | I21: 0 | J21: 21371 | K21: -21371 | L21: Alacak
A22: 100.01.02.0002 | B22: Euro Kasası | C22: EUR | D22: GİTAŞ MERKEZ | E22: 72619.27 | F22: 1218641.5 | G22: -1146022.2 | H22: Alacak | I22: 1360 | J22: 22914.9 | K22: -21554.9 | L22: Alacak
A23: 100.01.02.0002 | B23: Euro Kasası | C23: EUR | D23: ROYAL ADAM EVE | E23: 82567.84 | F23: 2315611.4 | G23: -2233043.5 | H23: Alacak | I23: 1540 | J23: 43452.83 | K23: -41912.83 | L23: Alacak
A24: 100.01.02.0002 | B24: Euro Kasası | C24: EUR | D24: ROYAL DRAGON | E24: 0 | F24: 514211.74 | G24: -514211.74 | H24: Alacak | I24: 0 | J24: 9675 | K24: -9675 | L24: Alacak
A25: 100.01.02.0002 | B25: Euro Kasası | C25: EUR | D25: ROYAL HOLIDAY | E25: 0 | F25: 524294.56 | G25: -524294.56 | H25: Alacak | I25: 0 | J25: 9840 | K25: -9840 | L25: Alacak
A26: 100.01.02.0002 | B26: Euro Kasası | C26: EUR | D26: ROYAL SEGINUS | E26: 465808.56 | F26: 4153038.8 | G26: -3687230.3 | H26: Alacak | I26: 8725 | J26: 77895 | K26: -69170 | L26: Alacak
A27: 100.01.02.0002 | B27: Euro Kasası | C27: EUR | D27: SERTAŞ MERKEZ | E27: 40012.89 | F27: 0 | G27: 40012.89 | H27: Borç | I27: 750 | J27: 0 | K27: 750 | L27: Borç
A28: 100.01.02.0003 | B28: Gbp Kasası | C28: GBP | D28: ROYAL ADAM EVE | E28: 0 | F28: 39087.3 | G28: -39087.3 | H28: Alacak | I28: 0 | J28: 640 | K28: -640 | L28: Alacak
A29: 100.01.02.0003 | B29: Gbp Kasası | C29: GBP | D29: ROYAL HOLIDAY | E29: 0 | F29: 95948.1 | G29: -95948.1 | H29: Alacak | I29: 0 | J29: 1550 | K29: -1550 | L29: Alacak
A30: 100.01.02.0005 | B30: Önbüro Euro Kasası | C30: EUR | D30: ROYAL ADAM EVE | E30: 2731750.1 | F30: 0 | G30: 2731750.1 | H30: Borç | I30: 51329.5 | J30: 0 | K30: 51329.5 | L30: Borç
... A42: 100.01.02.0008 | B42: Önbüro Gbp Kasası | C42: GBP | D42: ROYAL SEGINUS | E42: 22058.69 | F42: 0 | G42: 22058.69 | H42: Borç | I42: 360.12 | J42: 0 | K42: 360.12 | L42: Borç
A43: 101 | B43: ALINAN ÇEKLER | C43: TRY | E43: 16368625 | F43: 5.1965099e+08 | G43: -5.0328237e+08 | I43: 1538430 | J43: 89401719 | K43: -87863289
A44: 101.01 | B44: ALINAN ÇEKLER | C44: TRY | E44: 16368625 | F44: 5.1965099e+08 | G44: -5.0328237e+08 | I44: 1538430 | J44: 89401719 | K44: -87863289
A45: 101.01.01 | B45: PORTFOYDEKİ TL ÇEKLER | C45: TRY | E45: 1260000 | F45: 81150919 | G45: -79890919 | I45: 1260000 | J45: 81150919 | K45: -79890919
A46: 101.01.01.0004 | B46: Nisan Vadeli Alınan TL Çekler | C46: TRY | D46: ROYAL SEGINUS | E46: 0 | F46: 560000 | G46: -560000 | H46: Alacak | I46: 0 | J46: 560000 | K46: -560000 | L46: Alacak
A47: 101.01.01.0004 | B47: Nisan Vadeli Alınan TL Çekler | C47: TRY | D47: STONE ÇARŞI | E47: 560000 | F47: 560000 | G47: 0 | I47: 560000 | J47: 560000 | K47: 0
A48: 101.01.01.0005 | B48: Mayıs Vadeli Alınan TL Çekler | C48: TRY | D48: ROYAL SEGINUS | E48: 0 | F48: 700000 | G48: -700000 | H48: Alacak | I48: 0 | J48: 700000 | K48: -700000 | L48: Alacak
A49: 101.01.01.0005 | B49: Mayıs Vadeli Alınan TL Çekler | C49: TRY | D49: SERTAŞ MERKEZ | E49: 0 | F49: 816400 | G49: -816400 | H49: Alacak | I49: 0 | J49: 816400 | K49: -816400 | L49: Alacak
A50: 101.01.01.0005 | B50: Mayıs Vadeli Alınan TL Çekler | C50: TRY | D50: STONE ÇARŞI | E50: 700000 | F50: 700000 | G50: 0 | I50: 700000 | J50: 700000 | K50: 0
A51: 101.01.01.0006 | B51: Haziran Vadeli Alınan TL Çekler | C51: TRY | D51: ROYAL SEGINUS | E51: 0 | F51: 12000000 | G51: -12000000 | H51: Alacak | I51: 0 | J51: 12000000 | K51: -12000000 | L51: Alacak
A52: 101.01.01.0006 | B52: Haziran Vadeli Alınan TL Çekler | C52: TRY | D52: SERTAŞ MERKEZ | E52: 0 | F52: 24398204 | G52: -24398204 | H52: Alacak | I52: 0 | J52: 24398204 | K52: -24398204 | L52: Alacak
A53: 101.01.01.0007 | B53: Temmuz Vadeli Alınan TL Çekler | C53: TRY | D53: ROYAL ADAM EVE | E53: 0 | F53: 52115.62 | G53: -52115.62 | H53: Alacak | I53: 0 | J53: 52115.62 | K53: -52115.62 | L53: Alacak
A54: 101.01.01.0012 | B54: Aralık Vadeli Alınan TL Çekler | C54: TRY | D54: ROYAL ADAM EVE | E54: 0 | F54: 18934200 | G54: -18934200 | H54: Alacak | I54: 0 | J54: 18934200 | K54: -18934200 | L54: Alacak
A55: 101.01.01.0012 | B55: Aralık Vadeli Alınan TL Çekler | C55: TRY | D55: ROYAL ALHAMBRA | E55: 0 | F55: 21480000 | G55: -21480000 | H55: Alacak | I55: 0 | J55: 21480000 | K55: -21480000 | L55: Alacak
A56: 101.01.01.0012 | B56: Aralık Vadeli Alınan TL Çekler | C56: TRY | D56: STONE ÇARŞI | E56: 0 | F56: 950000 | G56: -950000 | H56: Alacak | I56: 0 | J56: 950000 | K56: -950000 | L56: Alacak
A57: 101.01.03 | B57: PORTFOYDEKİ EUR ÇEKLER | C57: EUR | E57: 15108625 | F57: 4.3850007e+08 | G57: -4.2339145e+08 | I57: 278430 | J57: 8250800 | K57: -7972370
A58: 101.01.03.0005 | B58: Mayıs Vadeli Alınan Eur Çekler | C58: EUR | D58: GİTAŞ MERKEZ | E58: 0 | F58: 53122400 | G58: -53122400 | H58: Alacak | I58: 0 | J58: 1000000 | K58: -1000000 | L58: Alacak
A59: 101.01.03.0005 | B59: Mayıs Vadeli Alınan Eur Çekler | C59: EUR | D59: ROYAL ADAM EVE | E59: 0 | F59: 5312240 | G59: -5312240 | H59: Alacak | I59: 0 | J59: 100000 | K59: -100000 | L59: Alacak
A60: 101.01.03.0005 | B60: Mayıs Vadeli Alınan Eur Çekler | C60: EUR | D60: ROYAL ALHAMBRA | E60: 0 | F60: 18592840 | G60: -18592840 | H60: Alacak | I60: 0 | J60: 350000 | K60: -350000 | L60: Alacak
A61: 101.01.03.0005 | B61: Mayıs Vadeli Alınan Eur Çekler | C61: EUR | D61: ROYAL SEGINUS | E61: 3043.44 | F61: 29794085 | G61: -29791042 | H61: Alacak | I61: 0 | J61: 560800 | K61: -560800 | L61: Alacak
A62: 101.01.03.0005 | B62: Mayıs Vadeli Alınan Eur Çekler | C62: EUR | D62: SERTAŞ MERKEZ | E62: 239530 | F62: 98515970 | G62: -98276440 | H62: Alacak | I62: 0 | J62: 1850000 | K62: -1850000 | L62: Alacak
A63: 101.01.03.0006 | B63: Haziran Vadeli Alınan Eur Çekler | C63: EUR | D63: GİTAŞ MERKEZ | E63: 0 | F63: 116869280 | G63: -116869280 | H63: Alacak | I63: 0 | J63: 2200000 | K63: -2200000 | L63: Alacak
A64: 101.01.03.0006 | B64: Haziran Vadeli Alınan Eur Çekler | C64: EUR | D64: ROYAL ADAM EVE | E64: 0 | F64: 61264500 | G64: -61264500 | H64: Alacak | I64: 0 | J64: 1150000 | K64: -1150000 | L64: Alacak
A65: 101.01.03.0006 | B65: Haziran Vadeli Alınan Eur Çekler | C65: EUR | D65: ROYAL ALHAMBRA | E65: 0 | F65: 5312240 | G65: -5312240 | H65: Alacak | I65: 0 | J65: 100000 | K65: -100000 | L65: Alacak
A66: 101.01.03.0006 | B66: Haziran Vadeli Alınan Eur Çekler | C66: EUR | D66: ROYAL SEGINUS | E66: 0 | F66: 10624480 | G66: -10624480 | H66: Alacak | I66: 0 | J66: 200000 | K66: -200000 | L66: Alacak
A67: 101.01.03.0006 | B67: Haziran Vadeli Alınan Eur Çekler | C67: EUR | D67: SERTAŞ MERKEZ | E67: 0 | F67: 39092038 | G67: -39092038 | H67: Alacak | I67: 0 | J67: 740000 | K67: -740000 | L67: Alacak
A68: 101.01.03.0007 | B68: Temmuz Vadeli Alınan Eur Çekler | C68: EUR | D68: SERTAŞ MERKEZ | E68: 6676950 | F68: 0 | G68: 6676950 | H68: Borç | I68: 125000 | J68: 0 | K68: 125000 | L68: Borç
A69: 101.01.03.0008 | B69: Ağustos Vadeli Alınan Eur Çekler | C69: EUR | D69: SERTAŞ MERKEZ | E69: 8189101.9 | F69: 0 | G69: 8189101.9 | H69: Borç | I69: 153430 | J69: 0 | K69: 153430 | L69: Borç
A70: 102 | B70: BANKALAR | C70: TRY | E70: 6.3587047e+09 | F70: 5.9720065e+09 | G70: 3.8669816e+08 | I70: 1.0284651e+09 | J70: 1.0429539e+09 | K70: -14488753
A71: 102.01 | B71: BANKALAR | C71: TRY | E71: 6.3587047e+09 | F71: 5.9720065e+09 | G71: 3.8669816e+08 | I71: 1.0284651e+09 | J71: 1.0429539e+09 | K71: -14488753
A72: 102.01.01 | B72: BANKALAR TL HESABI | C72: TRY | E72: 8.5330784e+08 | F72: 8.5727969e+08 | G72: -3971844.5 | I72: 8.5330784e+08 | J72: 8.5727969e+08 | K72: -3971844.5
A73: 102.01.01.0001 | B73: Akbank TL-Gt TR780004600849888000003719 | C73: TRY | D73: GİTAŞ MERKEZ | E73: 560629.05 | F73: 715633.32 | G73: -155004.27 | H73: Alacak | I73: 560629.05 | J73: 715633.32 | K73: -155004.27 | L73: Alacak
A74: 102.01.01.0002 | B74: Akbank TL TR190004600849888000002550 | C74: TRY | D74: SERTAŞ MERKEZ | E74: 130023663 | F74: 1.2986926e+08 | G74: 154398.65 | H74: Borç | I74: 130023663 | J74: 1.2986926e+08 | K74: 154398.65 | L74: Borç
A75: 102.01.01.0003 | B75: Akbank TL TR840004600849888000001671 | C75: TRY | D75: ROYAL ADAM EVE | E75: 3028810.4 | F75: 3121436.8 | G75: -92626.42 | H75: Alacak | I75: 3028810.4 | J75: 3121436.8 | K75: -92626.42 | L75: Alacak
A76: 102.01.01.0004 | B76: Denizbank TL TR540013400000055495400042 | C76: TRY | D76: GİTAŞ MERKEZ | E76: 22004.22 | F76: 0 | G76: 22004.22 | H76: Borç | I76: 22004.22 | J76: 0 | K76: 22004.22 | L76: Borç
A77: 102.01.01.0005 | B77: Denizbank TL TR320013400000073738800083 | C77: TRY | D77: SERTAŞ MERKEZ | E77: 735.25 | F77: 2285.54 | G77: -1550.29 | H77: Alacak | I77: 735.25 | J77: 2285.54 | K77: -1550.29 | L77: Alacak
A78: 102.01.01.0007 | B78: Garanti TL-Gt TR820006200001400006296997 | C78: TRY | D78: GİTAŞ MERKEZ | E78: 2689646.7 | F78: 2968871.3 | G78: -279224.61 | H78: Alacak | I78: 2689646.7 | J78: 2968871.3 | K78: -279224.61 | L78: Alacak
A79: 102.01.01.0009 | B79: Garanti TL TR980006200001400006297000 | C79: TRY | D79: SERTAŞ MERKEZ | E79: 4362725.2 | F79: 4551522.8 | G79: -188797.53 | H79: Alacak | I79: 4362725.2 | J79: 4551522.8 | K79: -188797.53 | L79: Alacak
A80: 102.01.01.0010 | B80: Garanti TL TR020006200001400006297855 | C80: TRY | D80: ROYAL ADAM EVE | E80: 2388161.4 | F80: 3212833.6 | G80: -824672.13 | H80: Alacak | I80: 2388161.4 | J80: 3212833.6 | K80: -824672.13 | L80: Alacak
A81: 102.01.01.0012 | B81: Halkbank TL TR830001200962400010260227 | C81: TRY | D81: SERTAŞ MERKEZ | E81: 13702915 | F81: 13705000 | G81: -2085.06 | H81: Alacak | I81: 13702915 | J81: 13705000 | K81: -2085.06 | L81: Alacak
A82: 102.01.01.0013 | B82: Halkbank TL TR350001200962400010260800 | C82: TRY | D82: ROYAL ADAM EVE | E82: 80000 | F82: 178761.9 | G82: -98761.9 | H82: Alacak | I82: 80000 | J82: 178761.9 | K82: -98761.9 | L82: Alacak
A83: 102.01.01.0014 | B83: İş Bankası TL-Gt TR850006400000162150009442 | C83: TRY | D83: GİTAŞ MERKEZ | E83: 1469322.1 | F83: 1701242.4 | G83: -231920.26 | H83: Alacak | I83: 1469322.1 | J83: 1701242.4 | K83: -231920.26 | L83: Alacak
A84: 102.01.01.0015 | B84: İş Bankası TL TR900006400000162150009352 | C84: TRY | D84: SERTAŞ MERKEZ | E84: 17825864 | F84: 17819142 | G84: 6721.48 | H84: Borç | I84: 17825864 | J84: 17819142 | K84: 6721.48 | L84: Borç
... A88: 102.01.01.0019 | B88: Vakıfbank TL TR560001500158007302529959 | C88: TRY | D88: ROYAL ADAM EVE | E88: 24741238 | F88: 24871420 | G88: -130182.22 | H88: Alacak | I88: 24741238 | J88: 24871420 | K88: -130182.22 | L88: Alacak
A89: 102.01.01.0020 | B89: Yapı Kredi TL-Gt TR210006701000000021047265 | C89: TRY | D89: GİTAŞ MERKEZ | E89: 30854195 | F89: 30854195 | G89: 0 | I89: 30854195 | J89: 30854195 | K89: 0
A90: 102.01.01.0021 | B90: Yapı Kredi TL-Gt TR420006701000000083248331 | C90: TRY | D90: GİTAŞ MERKEZ | E90: 31050544 | F90: 31083464 | G90: -32919.7 | H90: Alacak | I90: 31050544 | J90: 31083464 | K90: -32919.7 | L90: Alacak
A91: 102.01.01.0022 | B91: Yapı Kredi TL TR140006701000000021055054 | C91: TRY | D91: SERTAŞ MERKEZ | E91: 50360318 | F91: 50360318 | G91: 0 | I91: 50360318 | J91: 50360318 | K91: 0
A92: 102.01.01.0023 | B92: Yapı Kredi TL TR470006701000000032502303 | C92: TRY | D92: SERTAŞ MERKEZ | E92: 71436941 | F92: 71417329 | G92: 19611.91 | H92: Borç | I92: 71436941 | J92: 71417329 | K92: 19611.91 | L92: Borç
A93: 102.01.01.0024 | B93: Yapı Kredi TL TR400006701000000048785237 | C93: TRY | D93: ROYAL ADAM EVE | E93: 19528800 | F93: 19573775 | G93: -44975.1 | H93: Alacak | I93: 19528800 | J93: 19573775 | K93: -44975.1 | L93: Alacak
A94: 102.01.01.0025 | B94: Yapı Kredi TL TR890006701000000021062434 | C94: TRY | D94: ROYAL ADAM EVE | E94: 19423349 | F94: 19423349 | G94: 0 | I94: 19423349 | J94: 19423349 | K94: 0
A95: 102.01.01.0026 | B95: Ziraat Bankası TL-Gt TR110001002084620937635001 | C95: TRY | D95: GİTAŞ MERKEZ | E95: 20722822 | F95: 20797545 | G95: -74722.93 | H95: Alacak | I95: 20722822 | J95: 20797545 | K95: -74722.93 | L95: Alacak
A96: 102.01.01.0027 | B96: Ziraat Bankası TL TR800001002084594898545001 | C96: TRY | D96: SERTAŞ MERKEZ | E96: 1.5361778e+08 | F96: 1.5387953e+08 | G96: -261750.59 | H96: Alacak | I96: 1.5361778e+08 | J96: 1.5387953e+08 | K96: -261750.59 | L96: Alacak
A97: 102.01.01.0028 | B97: Ziraat Bankası TL-Tg TR770001002084587835065001 | C97: TRY | D97: ROYAL ADAM EVE | E97: 46686231 | F97: 46848359 | G97: -162128.37 | H97: Alacak | I97: 46686231 | J97: 46848359 | K97: -162128.37 | L97: Alacak
A98: 102.01.01.0034 | B98: Denizbank TL TR550013400000073738800057 | C98: TRY | D98: SERTAŞ MERKEZ | E98: 0 | F98: 735.25 | G98: -735.25 | H98: Alacak | I98: 0 | J98: 735.25 | K98: -735.25 | L98: Alacak
A99: 102.01.02 | B99: BANKALAR USD HESABI | C99: USD | E99: 65159875 | F99: 62844427 | G99: 2315448.3 | I99: 1413489.2 | J99: 1363435.8 | K99: 50053.47
A100: 102.01.02.0001 | B100: Akbank Usd TR820004600849001000003153 | C100: USD | D100: SERTAŞ MERKEZ | E100: 1160798.2 | F100: 110863.68 | G100: 1049934.5 | H100: Borç | I100: 25239 | J100: 2400 | K100: 22839 | L100: Borç
A101: 102.01.02.0002 | B101: Akbank Usd TR130004600849001000025250 | C101: USD | D101: ROYAL ADAM EVE | E101: 1249035.7 | F101: 503907.97 | G101: 745127.77 | H101: Borç | I101: 27170 | J101: 10900.83 | K101: 16269.17 | L101: Borç
A102: 102.01.02.0007 | B102: Garanti Usd TR210006200001400009091016 | C102: USD | D102: SERTAŞ MERKEZ | E102: 453366.52 | F102: 0 | G102: 453366.52 | H102: Borç | I102: 9817 | J102: 0 | K102: 9817 | L102: Borç
A103: 102.01.02.0013 | B103: Vakıfbank Usd TR770001500158048013919819 | C103: USD | D103: SERTAŞ MERKEZ | E103: 19148.74 | F103: 1196.09 | G103: 17952.65 | H103: Borç | I103: 412.42 | J103: 25.96 | K103: 386.46 | L103: Borç
A104: 102.01.02.0015 | B104: Vakıfbank Usd-Gt TR940001500158048013919804 | C104: USD | D104: GİTAŞ MERKEZ | E104: 16082310 | F104: 16178950 | G104: -96639.93 | H104: Alacak | I104: 347700 | J104: 350100 | K104: -2400 | L104: Alacak
A105: 102.01.02.0018 | B105: Yapı Kredi Usd-Gt TR520006701000000084354048 | C105: USD | D105: GİTAŞ MERKEZ | E105: 0 | F105: 408.85 | G105: -408.85 | H105: Alacak | I105: 0 | J105: 8.96 | K105: -8.96 | L105: Alacak
A106: 102.01.02.0020 | B106: Ziraat Bankası Usd TR260001002084594898545003 | C106: USD | D106: SERTAŞ MERKEZ | E106: 46195216 | F106: 46049100 | G106: 146115.62 | H106: Borç | I106: 1003150.8 | J106: 1000000 | K106: 3150.8 | L106: Borç
A107: 102.01.03 | B107: BANKALAR EUR HESABI | C107: EUR | E107: 3.7632554e+09 | F107: 3.3603364e+09 | G107: 4.0291904e+08 | I107: 70627905 | J107: 63016282 | K107: 7611622.8
A108: 102.01.03.0001 | B108: Akbank Eur-Gt TR430004600849036000024490 | C108: EUR | D108: GİTAŞ MERKEZ | E108: 11356280 | F108: 0 | G108: 11356280 | H108: Borç | I108: 213811.84 | J108: 0 | K108: 213811.84 | L108: Borç
A109: 102.01.03.0002 | B109: Akbank Eur TR170004600849036000002551 | C109: EUR | D109: SERTAŞ MERKEZ | E109: 1.6833584e+09 | F109: 1.7065528e+09 | G109: -23194375 | H109: Alacak | I109: 31578813 | J109: 32008725 | K109: -429912.3 | L109: Alacak
A110: 102.01.03.0003 | B110: Akbank Eur TR190004600849036000024534 | C110: EUR | D110: ROYAL ADAM EVE | E110: 7801440 | F110: 77772.93 | G110: 7723667 | H110: Borç | I110: 146732.4 | J110: 1450 | K110: 145282.4 | L110: Borç
A111: 102.01.03.0004 | B111: Denizbank Eur TR970013400000055495400044 | C111: EUR | D111: GİTAŞ MERKEZ | E111: 1708312.7 | F111: 755620.2 | G111: 952692.46 | H111: Borç | I111: 32202.2 | J111: 14217.15 | K111: 17985.05 | L111: Borç
A112: 102.01.03.0005 | B112: Denizbank Eur TR280013400000073738800058 | C112: EUR | D112: SERTAŞ MERKEZ | E112: 3451731.5 | F112: 1087082.6 | G112: 2364648.9 | H112: Borç | I112: 65140.43 | J112: 20453.61 | K112: 44686.82 | L112: Borç
A113: 102.01.03.0006 | B113: Denizbank Eur TR230013400000668693200006 | C113: EUR | D113: ROYAL ADAM EVE | E113: 1386793.2 | F113: 735096.9 | G113: 651696.29 | H113: Borç | I113: 26065.24 | J113: 13831 | K113: 12234.24 | L113: Borç
A114: 102.01.03.0007 | B114: Garanti Eur-Gt TR270006200001400009092557 | C114: EUR | D114: GİTAŞ MERKEZ | E114: 2658801.1 | F114: 1198800 | G114: 1460001.1 | H114: Borç | I114: 50007.22 | J114: 22555.67 | K114: 27451.55 | L114: Borç
...

Sheet KDV_BEYAN_ICMAL
A1: KDV BEYANNAME İCMALİ - ŞUBE ŞUBE / MERKEZLER HARİÇ
A3: Şube | B3: KDV1 Matrah %10 | C3: KDV1 Hesaplanan %10 | D3: KDV1 Matrah %20 | E3: KDV1 Hesaplanan %20 | F3: İade Matrah %10 | G3: Satıştan İade KDV %10 | H3: İade Matrah %20 | I3: Satıştan İade KDV %20 | J3: 191 İndirilecek %1 | K3: 191 İndirilecek %10 | L3: 191 İndirilecek %20 | M3: 191 Tevkifatlı | N3: 391 İlave/Alıştan İade | O3: Toplam 391 | P3: Toplam 191 | Q3: Net KDV | R3: Sonuç | S3: Beyanname Notu
A4: =KDV_HESAP_TABANI!A2 | B4: =KDV_HESAP_TABANI!B2 | C4: =KDV_HESAP_TABANI!D2 | D4: =KDV_HESAP_TABANI!G2 | E4: =KDV_HESAP_TABANI!I2 | F4: =KDV_HESAP_TABANI!L2 | G4: =KDV_HESAP_TABANI!N2 | H4: =KDV_HESAP_TABANI!Q2 | I4: =KDV_HESAP_TABANI!S2 | J4: =KDV_HESAP_TABANI!AF2 | K4: =KDV_HESAP_TABANI!AG2 | L4: =KDV_HESAP_TABANI!AH2 | M4: =KDV_HESAP_TABANI!AI2 | N4: =KDV_HESAP_TABANI!AJ2+KDV_HESAP_TABANI!AK2+KDV_HESAP_TABANI!AL2 | O4: =KDV_HESAP_TABANI!AM2 | P4: =KDV_HESAP_TABANI!AN2 | Q4: =KDV_HESAP_TABANI!AO2 | R4: =KDV_HESAP_TABANI!AP2 | S4: =IF(M4>0,"KDV2/sorumlu sıfatı varsa ayrıca teyit et; KDV1 indirim satırı da kontrol edilir","KDV1 ana beyanname icmali")
A5: =KDV_HESAP_TABANI!A3 | B5: =KDV_HESAP_TABANI!B3 | C5: =KDV_HESAP_TABANI!D3 | D5: =KDV_HESAP_TABANI!G3 | E5: =KDV_HESAP_TABANI!I3 | F5: =KDV_HESAP_TABANI!L3 | G5: =KDV_HESAP_TABANI!N3 | H5: =KDV_HESAP_TABANI!Q3 | I5: =KDV_HESAP_TABANI!S3 | J5: =KDV_HESAP_TABANI!AF3 | K5: =KDV_HESAP_TABANI!AG3 | L5: =KDV_HESAP_TABANI!AH3 | M5: =KDV_HESAP_TABANI!AI3 | N5: =KDV_HESAP_TABANI!AJ3+KDV_HESAP_TABANI!AK3+KDV_HESAP_TABANI!AL3 | O5: =KDV_HESAP_TABANI!AM3 | P5: =KDV_HESAP_TABANI!AN3 | Q5: =KDV_HESAP_TABANI!AO3 | R5: =KDV_HESAP_TABANI!AP3 | S5: =IF(M5>0,"KDV2/sorumlu sıfatı varsa ayrıca teyit et; KDV1 indirim satırı da kontrol edilir","KDV1 ana beyanname icmali")
A6: =KDV_HESAP_TABANI!A4 | B6: =KDV_HESAP_TABANI!B4 | C6: =KDV_HESAP_TABANI!D4 | D6: =KDV_HESAP_TABANI!G4 | E6: =KDV_HESAP_TABANI!I4 | F6: =KDV_HESAP_TABANI!L4 | G6: =KDV_HESAP_TABANI!N4 | H6: =KDV_HESAP_TABANI!Q4 | I6: =KDV_HESAP_TABANI!S4 | J6: =KDV_HESAP_TABANI!AF4 | K6: =KDV_HESAP_TABANI!AG4 | L6: =KDV_HESAP_TABANI!AH4 | M6: =KDV_HESAP_TABANI!AI4 | N6: =KDV_HESAP_TABANI!AJ4+KDV_HESAP_TABANI!AK4+KDV_HESAP_TABANI!AL4 | O6: =KDV_HESAP_TABANI!AM4 | P6: =KDV_HESAP_TABANI!AN4 | Q6: =KDV_HESAP_TABANI!AO4 | R6: =KDV_HESAP_TABANI!AP4 | S6: =IF(M6>0,"KDV2/sorumlu sıfatı varsa ayrıca teyit et; KDV1 indirim satırı da kontrol edilir","KDV1 ana beyanname icmali")
A7: =KDV_HESAP_TABANI!A5 | B7: =KDV_HESAP_TABANI!B5 | C7: =KDV_HESAP_TABANI!D5 | D7: =KDV_HESAP_TABANI!G5 | E7: =KDV_HESAP_TABANI!I5 | F7: =KDV_HESAP_TABANI!L5 | G7: =KDV_HESAP_TABANI!N5 | H7: =KDV_HESAP_TABANI!Q5 | I7: =KDV_HESAP_TABANI!S5 | J7: =KDV_HESAP_TABANI!AF5 | K7: =KDV_HESAP_TABANI!AG5 | L7: =KDV_HESAP_TABANI!AH5 | M7: =KDV_HESAP_TABANI!AI5 | N7: =KDV_HESAP_TABANI!AJ5+KDV_HESAP_TABANI!AK5+KDV_HESAP_TABANI!AL5 | O7: =KDV_HESAP_TABANI!AM5 | P7: =KDV_HESAP_TABANI!AN5 | Q7: =KDV_HESAP_TABANI!AO5 | R7: =KDV_HESAP_TABANI!AP5 | S7: =IF(M7>0,"KDV2/sorumlu sıfatı varsa ayrıca teyit et; KDV1 indirim satırı da kontrol edilir","KDV1 ana beyanname icmali")
A8: =KDV_HESAP_TABANI!A6 | B8: =KDV_HESAP_TABANI!B6 | C8: =KDV_HESAP_TABANI!D6 | D8: =KDV_HESAP_TABANI!G6 | E8: =KDV_HESAP_TABANI!I6 | F8: =KDV_HESAP_TABANI!L6 | G8: =KDV_HESAP_TABANI!N6 | H8: =KDV_HESAP_TABANI!Q6 | I8: =KDV_HESAP_TABANI!S6 | J8: =KDV_HESAP_TABANI!AF6 | K8: =KDV_HESAP_TABANI!AG6 | L8: =KDV_HESAP_TABANI!AH6 | M8: =KDV_HESAP_TABANI!AI6 | N8: =KDV_HESAP_TABANI!AJ6+KDV_HESAP_TABANI!AK6+KDV_HESAP_TABANI!AL6 | O8: =KDV_HESAP_TABANI!AM6 | P8: =KDV_HESAP_TABANI!AN6 | Q8: =KDV_HESAP_TABANI!AO6 | R8: =KDV_HESAP_TABANI!AP6 | S8: =IF(M8>0,"KDV2/sorumlu sıfatı varsa ayrıca teyit et; KDV1 indirim satırı da kontrol edilir","KDV1 ana beyanname icmali")
A9: =KDV_HESAP_TABANI!A7 | B9: =KDV_HESAP_TABANI!B7 | C9: =KDV_HESAP_TABANI!D7 | D9: =KDV_HESAP_TABANI!G7 | E9: =KDV_HESAP_TABANI!I7 | F9: =KDV_HESAP_TABANI!L7 | G9: =KDV_HESAP_TABANI!N7 | H9: =KDV_HESAP_TABANI!Q7 | I9: =KDV_HESAP_TABANI!S7 | J9: =KDV_HESAP_TABANI!AF7 | K9: =KDV_HESAP_TABANI!AG7 | L9: =KDV_HESAP_TABANI!AH7 | M9: =KDV_HESAP_TABANI!AI7 | N9: =KDV_HESAP_TABANI!AJ7+KDV_HESAP_TABANI!AK7+KDV_HESAP_TABANI!AL7 | O9: =KDV_HESAP_TABANI!AM7 | P9: =KDV_HESAP_TABANI!AN7 | Q9: =KDV_HESAP_TABANI!AO7 | R9: =KDV_HESAP_TABANI!AP7 | S9: =IF(M9>0,"KDV2/sorumlu sıfatı varsa ayrıca teyit et; KDV1 indirim satırı da kontrol edilir","KDV1 ana beyanname icmali")
A10: TOPLAM | B10: =SUM(B4:B9) | C10: =SUM(C4:C9) | D10: =SUM(D4:D9) | E10: =SUM(E4:E9) | F10: =SUM(F4:F9) | G10: =SUM(G4:G9) | H10: =SUM(H4:H9) | I10: =SUM(I4:I9) | ... Q10: =SUM(Q4:Q9) | R10: =IF(Q10>0,"ÖDENECEK KDV",IF(Q10<0,"DEVREDEN KDV","SIFIR")) | S10: KDV1 toplu sonuç

Sheet KDV_ORAN_KONTROL
A1: KDV ORAN / HESAP EŞLEŞME KONTROLÜ
A3: Şube | B3: Kontrol | C3: Matrah | D3: Beklenen KDV | E3: Mevcut KDV | F3: Fark | G3: Durum | H3: Beyanname | I3: Robot Açıklaması | J3: Hatalı KDV Nedeni | K3: Kontrol Edilecek Alan
A4: =KDV_HESAP_TABANI!A2 | B4: 600 %10 Gelir ↔ 391 %10 | C4: =KDV_HESAP_TABANI!B2 | D4: =KDV_HESAP_TABANI!C2 | E4: =KDV_HESAP_TABANI!D2 | F4: =KDV_HESAP_TABANI!E2 | G4: =KDV_HESAP_TABANI!F2 | H4: KDV1 | I4: 600 %10 matrah x %10 = 391 %10 hesaplanan KDV olmalı. | J4: =IFERROR(INDEX(HATA_NEDEN_MOTORU!$H$2:$H$37,MATCH(A4&B4,HATA_NEDEN_MOTORU!$A$2:$A$37&HATA_NEDEN_MOTORU!$B$2:$B$37,0)),"") | K4: =IFERROR(INDEX(HATA_NEDEN_MOTORU!$J$2:$J$37,MATCH(A4&B4,HATA_NEDEN_MOTORU!$A$2:$A$37&HATA_NEDEN_MOTORU!$B$2:$B$37,0)),"")
A5: =KDV_HESAP_TABANI!A2 | B5: 600 %20 Gelir ↔ 391 %20 | C5: =KDV_HESAP_TABANI!G2 | D5: =KDV_HESAP_TABANI!H2 | E5: =KDV_HESAP_TABANI!I2 | F5: =KDV_HESAP_TABANI!J2 | G5: =KDV_HESAP_TABANI!K2 | H5: KDV1 | I5: 600 %20 matrah x %20 = 391 %20 hesaplanan KDV olmalı. | J5: =IFERROR(INDEX(HATA_NEDEN_MOTORU!$H$2:$H$37,MATCH(A5&B5,HATA_NEDEN_MOTORU!$A$2:$A$37&HATA_NEDEN_MOTORU!$B$2:$B$37,0)),"") | K5: =IFERROR(INDEX(HATA_NEDEN_MOTORU!$J$2:$J$37,MATCH(A5&B5,HATA_NEDEN_MOTORU!$A$2:$A$37&HATA_NEDEN_MOTORU!$B$2:$B$37,0)),"")
A6: =KDV_HESAP_TABANI!A2 | B6: 610 %10 İade ↔ 191 %10 | C6: =KDV_HESAP_TABANI!L2 | D6: =KDV_HESAP_TABANI!M2 | E6: =KDV_HESAP_TABANI!N2 | F6: =KDV_HESAP_TABANI!O2 | G6: =KDV_HESAP_TABANI!P2 | H6: KDV1 | I6: Satış iadesi KDV etkisi 191 satıştan iade hesabında görülmeli. | J6: =IFERROR(INDEX(HATA_NEDEN_MOTORU!$H$2:$H$37,MATCH(A6&B6,HATA_NEDEN_MOTORU!$A$2:$A$37&HATA_NEDEN_MOTORU!$B$2:$B$37,0)),"") | K6: =IFERROR(INDEX(HATA_NEDEN_MOTORU!$J$2:$J$37,MATCH(A6&B6,HATA_NEDEN_MOTORU!$A$2:$A$37&HATA_NEDEN_MOTORU!$B$2:$B$37,0)),"")
A7: =KDV_HESAP_TABANI!A2 | B7: 610 %20 İade ↔ 191 %20 | C7: =KDV_HESAP_TABANI!Q2 | D7: =KDV_HESAP_TABANI!R2 | E7: =KDV_HESAP_TABANI!S2 | F7: =KDV_HESAP_TABANI!T2 | G7: =KDV_HESAP_TABANI!U2 | H7: KDV1 | I7: %20 satış iadesi için 191 satıştan iade KDV kontrol edilir. | J7: =IFERROR(INDEX(HATA_NEDEN_MOTORU!$H$2:$H$37,MATCH(A7&B7,HATA_NEDEN_MOTORU!$A$2:$A$37&HATA_NEDEN_MOTORU!$B$2:$B$37,0)),"") | K7: =IFERROR(INDEX(HATA_NEDEN_MOTORU!$J$2:$J$37,MATCH(A7&B7,HATA_NEDEN_MOTORU!$A$2:$A$37&HATA_NEDEN_MOTORU!$B$2:$B$37,0)),"")
A8: =KDV_HESAP_TABANI!A2 | B8: 602 %20 Ciro/İskonto ↔ 391 İlave | C8: =KDV_HESAP_TABANI!V2 | D8: =KDV_HESAP_TABANI!W2 | E8: =KDV_HESAP_TABANI!X2 | F8: =KDV_HESAP_TABANI!Y2 | G8: =KDV_HESAP_TABANI!Z2 | H8: KDV1 | I8: Alış iskonto/ciro primi vb. ilave KDV 391 tarafında izlenir. | J8: =IFERROR(INDEX(HATA_NEDEN_MOTORU!$H$2:$H$37,MATCH(A8&B8,HATA_NEDEN_MOTORU!$A$2:$A$37&HATA_NEDEN_MOTORU!$B$2:$B$37,0)),"") | K8: =IFERROR(INDEX(HATA_NEDEN_MOTORU!$J$2:$J$37,MATCH(A8&B8,HATA_NEDEN_MOTORU!$A$2:$A$37&HATA_NEDEN_MOTORU!$B$2:$B$37,0)),"")
A9: =KDV_HESAP_TABANI!A2 | B9: 646 %10 Kur Kârı ↔ 391 İlave | C9: =KDV_HESAP_TABANI!AA2 | D9: =KDV_HESAP_TABANI!AB2 | E9: =KDV_HESAP_TABANI!AC2 | F9: =KDV_HESAP_TABANI!AD2 | G9: =KDV_HESAP_TABANI!AE2 | H9: KDV1 | I9: KDV hesaplanan kur farkı/ilave KDV 391 ilave KDV ile uyumlu olmalı. | J9: =IFERROR(INDEX(HATA_NEDEN_MOTORU!$H$2:$H$37,MATCH(A9&B9,HATA_NEDEN_MOTORU!$A$2:$A$37&HATA_NEDEN_MOTORU!$B$2:$B$37,0)),"") | K9: =IFERROR(INDEX(HATA_NEDEN_MOTORU!$J$2:$J$37,MATCH(A9&B9,HATA_NEDEN_MOTORU!$A$2:$A$37&HATA_NEDEN_MOTORU!$B$2:$B$37,0)),"")
A10: =KDV_HESAP_TABANI!A3 | B10: 600 %10 Gelir ↔ 391 %10 | C10: =KDV_HESAP_TABANI!B3 | D10: =KDV_HESAP_TABANI!C3 | E10: =KDV_HESAP_TABANI!D3 | F10: =KDV_HESAP_TABANI!E3 | G10: =KDV_HESAP_TABANI!F3 | H10: KDV1 | I10: 600 %10 matrah x %10 = 391 %10 hesaplanan KDV olmalı. | J10: =IFERROR(INDEX(HATA_NEDEN_MOTORU!$H$2:$H$37,MATCH(A10&B10,HATA_NEDEN_MOTORU!$A$2:$A$37&HATA_NEDEN_MOTORU!$B$2:$B$37,0)),"") | K10: =IFERROR(INDEX(HATA_NEDEN_MOTORU!$J$2:$J$37,MATCH(A10&B10,HATA_NEDEN_MOTORU!$A$2:$A$37&HATA_NEDEN_MOTORU!$B$2:$B$37,0)),"")
A11: =KDV_HESAP_TABANI!A3 | B11: 600 %20 Gelir ↔ 391 %20 | C11: =KDV_HESAP_TABANI!G3 | D11: =KDV_HESAP_TABANI!H3 | E11: =KDV_HESAP_TABANI!I3 | F11: =KDV_HESAP_TABANI!J3 | G11: =KDV_HESAP_TABANI!K3 | H11: KDV1 | I11: 600 %20 matrah x %20 = 391 %20 hesaplanan KDV olmalı. | J11: =IFERROR(INDEX(HATA_NEDEN_MOTORU!$H$2:$H$37,MATCH(A11&B11,HATA_NEDEN_MOTORU!$A$2:$A$37&HATA_NEDEN_MOTORU!$B$2:$B$37,0)),"") | K11: =IFERROR(INDEX(HATA_NEDEN_MOTORU!$J$2:$J$37,MATCH(A11&B11,HATA_NEDEN_MOTORU!$A$2:$A$37&HATA_NEDEN_MOTORU!$B$2:$B$37,0)),"")
A12: =KDV_HESAP_TABANI!A3 | B12: 610 %10 İade ↔ 191 %10 | C12: =KDV_HESAP_TABANI!L3 | D12: =KDV_HESAP_TABANI!M3 | E12: =KDV_HESAP_TABANI!N3 | F12: =KDV_HESAP_TABANI!O3 | G12: =KDV_HESAP_TABANI!P3 | H12: KDV1 | I12: Satış iadesi KDV etkisi 191 satıştan iade hesabında görülmeli. | J12: =IFERROR(INDEX(HATA_NEDEN_MOTORU!$H$2:$H$37,MATCH(A12&B12,HATA_NEDEN_MOTORU!$A$2:$A$37&HATA_NEDEN_MOTORU!$B$2:$B$37,0)),"") | K12: =IFERROR(INDEX(HATA_NEDEN_MOTORU!$J$2:$J$37,MATCH(A12&B12,HATA_NEDEN_MOTORU!$A$2:$A$37&HATA_NEDEN_MOTORU!$B$2:$B$37,0)),"")
A13: =KDV_HESAP_TABANI!A3 | B13: 610 %20 İade ↔ 191 %20 | C13: =KDV_HESAP_TABANI!Q3 | D13: =KDV_HESAP_TABANI!R3 | E13: =KDV_HESAP_TABANI!S3 | F13: =KDV_HESAP_TABANI!T3 | G13: =KDV_HESAP_TABANI!U3 | H13: KDV1 | I13: %20 satış iadesi için 191 satıştan iade KDV kontrol edilir. | J13: =IFERROR(INDEX(HATA_NEDEN_MOTORU!$H$2:$H$37,MATCH(A13&B13,HATA_NEDEN_MOTORU!$A$2:$A$37&HATA_NEDEN_MOTORU!$B$2:$B$37,0)),"") | K13: =IFERROR(INDEX(HATA_NEDEN_MOTORU!$J$2:$J$37,MATCH(A13&B13,HATA_NEDEN_MOTORU!$A$2:$A$37&HATA_NEDEN_MOTORU!$B$2:$B$37,0)),"")
A14: =KDV_HESAP_TABANI!A3 | B14: 602 %20 Ciro/İskonto ↔ 391 İlave | C14: =KDV_HESAP_TABANI!V3 | D14: =KDV_HESAP_TABANI!W3 | E14: =KDV_HESAP_TABANI!X3 | F14: =KDV_HESAP_TABANI!Y3 | G14: =KDV_HESAP_TABANI!Z3 | H14: KDV1 | I14: Alış iskonto/ciro primi vb. ilave KDV 391 tarafında izlenir. | J14: =IFERROR(INDEX(HATA_NEDEN_MOTORU!$H$2:$H$37,MATCH(A14&B14,HATA_NEDEN_MOTORU!$A$2:$A$37&HATA_NEDEN_MOTORU!$B$2:$B$37,0)),"") | K14: =IFERROR(INDEX(HATA_NEDEN_MOTORU!$J$2:$J$37,MATCH(A14&B14,HATA_NEDEN_MOTORU!$A$2:$A$37&HATA_NEDEN_MOTORU!$B$2:$B$37,0)),"")
A15: =KDV_HESAP_TABANI!A3 | B15: 646 %10 Kur Kârı ↔ 391 İlave | C15: =KDV_HESAP_TABANI!AA3 | D15: =KDV_HESAP_TABANI!AB3 | E15: =KDV_HESAP_TABANI!AC3 | F15: =KDV_HESAP_TABANI!AD3 | G15: =KDV_HESAP_TABANI!AE3 | H15: KDV1 | I15: KDV hesaplanan kur farkı/ilave KDV 391 ilave KDV ile uyumlu olmalı. | J15: =IFERROR(INDEX(HATA_NEDEN_MOTORU!$H$2:$H$37,MATCH(A15&B15,HATA_NEDEN_MOTORU!$A$2:$A$37&HATA_NEDEN_MOTORU!$B$2:$B$37,0)),"") | K15: =IFERROR(INDEX(HATA_NEDEN_MOTORU!$J$2:$J$37,MATCH(A15&B15,HATA_NEDEN_MOTORU!$A$2:$A$37&HATA_NEDEN_MOTORU!$B$2:$B$37,0)),"")
A16: =KDV_HESAP_TABANI!A4 | B16: 600 %10 Gelir ↔ 391 %10 | C16: =KDV_HESAP_TABANI!B4 | D16: =KDV_HESAP_TABANI!C4 | E16: =KDV_HESAP_TABANI!D4 | F16: =KDV_HESAP_TABANI!E4 | G16: =KDV_HESAP_TABANI!F4 | H16: KDV1 | I16: 600 %10 matrah x %10 = 391 %10 hesaplanan KDV olmalı. | J16: =IFERROR(INDEX(HATA_NEDEN_MOTORU!$H$2:$H$37,MATCH(A16&B16,HATA_NEDEN_MOTORU!$A$2:$A$37&HATA_NEDEN_MOTORU!$B$2:$B$37,0)),"") | K16: =IFERROR(INDEX(HATA_NEDEN_MOTORU!$J$2:$J$37,MATCH(A16&B16,HATA_NEDEN_MOTORU!$A$2:$A$37&HATA_NEDEN_MOTORU!$B$2:$B$37,0)),"")
A17: =KDV_HESAP_TABANI!A4 | B17: 600 %20 Gelir ↔ 391 %20 | C17: =KDV_HESAP_TABANI!G4 | D17: =KDV_HESAP_TABANI!H4 | E17: =KDV_HESAP_TABANI!I4 | F17: =KDV_HESAP_TABANI!J4 | G17: =KDV_HESAP_TABANI!K4 | H17: KDV1 | I17: 600 %20 matrah x %20 = 391 %20 hesaplanan KDV olmalı. | J17: =IFERROR(INDEX(HATA_NEDEN_MOTORU!$H$2:$H$37,MATCH(A17&B17,HATA_NEDEN_MOTORU!$A$2:$A$37&HATA_NEDEN_MOTORU!$B$2:$B$37,0)),"") | K17: =IFERROR(INDEX(HATA_NEDEN_MOTORU!$J$2:$J$37,MATCH(A17&B17,HATA_NEDEN_MOTORU!$A$2:$A$37&HATA_NEDEN_MOTORU!$B$2:$B$37,0)),"")
A18: =KDV_HESAP_TABANI!A4 | B18: 610 %10 İade ↔ 191 %10 | C18: =KDV_HESAP_TABANI!L4 | D18: =KDV_HESAP_TABANI!M4 | E18: =KDV_HESAP_TABANI!N4 | F18: =KDV_HESAP_TABANI!O4 | G18: =KDV_HESAP_TABANI!P4 | H18: KDV1 | I18: Satış iadesi KDV etkisi 191 satıştan iade hesabında görülmeli. | J18: =IFERROR(INDEX(HATA_NEDEN_MOTORU!$H$2:$H$37,MATCH(A18&B18,HATA_NEDEN_MOTORU!$A$2:$A$37&HATA_NEDEN_MOTORU!$B$2:$B$37,0)),"") | K18: =IFERROR(INDEX(HATA_NEDEN_MOTORU!$J$2:$J$37,MATCH(A18&B18,HATA_NEDEN_MOTORU!$A$2:$A$37&HATA_NEDEN_MOTORU!$B$2:$B$37,0)),"")
A19: =KDV_HESAP_TABANI!A4 | B19: 610 %20 İade ↔ 191 %20 | C19: =KDV_HESAP_TABANI!Q4 | D19: =KDV_HESAP_TABANI!R4 | E19: =KDV_HESAP_TABANI!S4 | F19: =KDV_HESAP_TABANI!T4 | G19: =KDV_HESAP_TABANI!U4 | H19: KDV1 | I19: %20 satış iadesi için 191 satıştan iade KDV kontrol edilir. | J19: =IFERROR(INDEX(HATA_NEDEN_MOTORU!$H$2:$H$37,MATCH(A19&B19,HATA_NEDEN_MOTORU!$A$2:$A$37&HATA_NEDEN_MOTORU!$B$2:$B$37,0)),"") | K19: =IFERROR(INDEX(HATA_NEDEN_MOTORU!$J$2:$J$37,MATCH(A19&B19,HATA_NEDEN_MOTORU!$A$2:$A$37&HATA_NEDEN_MOTORU!$B$2:$B$37,0)),"")
A20: =KDV_HESAP_TABANI!A4 | B20: 602 %20 Ciro/İskonto ↔ 391 İlave | C20: =KDV_HESAP_TABANI!V4 | D20: =KDV_HESAP_TABANI!W4 | E20: =KDV_HESAP_TABANI!X4 | F20: =KDV_HESAP_TABANI!Y4 | G20: =KDV_HESAP_TABANI!Z4 | H20: KDV1 | I20: Alış iskonto/ciro primi vb. ilave KDV 391 tarafında izlenir. | J20: =IFERROR(INDEX(HATA_NEDEN_MOTORU!$H$2:$H$37,MATCH(A20&B20,HATA_NEDEN_MOTORU!$A$2:$A$37&HATA_NEDEN_MOTORU!$B$2:$B$37,0)),"") | K20: =IFERROR(INDEX(HATA_NEDEN_MOTORU!$J$2:$J$37,MATCH(A20&B20,HATA_NEDEN_MOTORU!$A$2:$A$37&HATA_NEDEN_MOTORU!$B$2:$B$37,0)),"")
A21: =KDV_HESAP_TABANI!A4 | B21: 646 %10 Kur Kârı ↔ 391 İlave | C21: =KDV_HESAP_TABANI!AA4 | D21: =KDV_HESAP_TABANI!AB4 | E21: =KDV_HESAP_TABANI!AC4 | F21: =KDV_HESAP_TABANI!AD4 | G21: =KDV_HESAP_TABANI!AE4 | H21: KDV1 | I21: KDV hesaplanan kur farkı/ilave KDV 391 ilave KDV ile uyumlu olmalı. | J21: =IFERROR(INDEX(HATA_NEDEN_MOTORU!$H$2:$H$37,MATCH(A21&B21,HATA_NEDEN_MOTORU!$A$2:$A$37&HATA_NEDEN_MOTORU!$B$2:$B$37,0)),"") | K21: =IFERROR(INDEX(HATA_NEDEN_MOTORU!$J$2:$J$37,MATCH(A21&B21,HATA_NEDEN_MOTORU!$A$2:$A$37&HATA_NEDEN_MOTORU!$B$2:$B$37,0)),"")
A22: =KDV_HESAP_TABANI!A5 | B22: 600 %10 Gelir ↔ 391 %10 | C22: =KDV_HESAP_TABANI!B5 | D22: =KDV_HESAP_TABANI!C5 | E22: =KDV_HESAP_TABANI!D5 | F22: =KDV_HESAP_TABANI!E5 | G22: =KDV_HESAP_TABANI!F5 | H22: KDV1 | I22: 600 %10 matrah x %10 = 391 %10 hesaplanan KDV olmalı. | J22: =IFERROR(INDEX(HATA_NEDEN_MOTORU!$H$2:$H$37,MATCH(A22&B22,HATA_NEDEN_MOTORU!$A$2:$A$37&HATA_NEDEN_MOTORU!$B$2:$B$37,0)),"") | K22: =IFERROR(INDEX(HATA_NEDEN_MOTORU!$J$2:$J$37,MATCH(A22&B22,HATA_NEDEN_MOTORU!$A$2:$A$37&HATA_NEDEN_MOTORU!$B$2:$B$37,0)),"")
A23: =KDV_HESAP_TABANI!A5 | B23: 600 %20 Gelir ↔ 391 %20 | C23: =KDV_HESAP_TABANI!G5 | D23: =KDV_HESAP_TABANI!H5 | E23: =KDV_HESAP_TABANI!I5 | F23: =KDV_HESAP_TABANI!J5 | G23: =KDV_HESAP_TABANI!K5 | H23: KDV1 | I23: 600 %20 matrah x %20 = 391 %20 hesaplanan KDV olmalı. | J23: =IFERROR(INDEX(HATA_NEDEN_MOTORU!$H$2:$H$37,MATCH(A23&B23,HATA_NEDEN_MOTORU!$A$2:$A$37&HATA_NEDEN_MOTORU!$B$2:$B$37,0)),"") | K23: =IFERROR(INDEX(HATA_NEDEN_MOTORU!$J$2:$J$37,MATCH(A23&B23,HATA_NEDEN_MOTORU!$A$2:$A$37&HATA_NEDEN_MOTORU!$B$2:$B$37,0)),"")
A24: =KDV_HESAP_TABANI!A5 | B24: 610 %10 İade ↔ 191 %10 | C24: =KDV_HESAP_TABANI!L5 | D24: =KDV_HESAP_TABANI!M5 | E24: =KDV_HESAP_TABANI!N5 | F24: =KDV_HESAP_TABANI!O5 | G24: =KDV_HESAP_TABANI!P5 | H24: KDV1 | I24: Satış iadesi KDV etkisi 191 satıştan iade hesabında görülmeli. | J24: =IFERROR(INDEX(HATA_NEDEN_MOTORU!$H$2:$H$37,MATCH(A24&B24,HATA_NEDEN_MOTORU!$A$2:$A$37&HATA_NEDEN_MOTORU!$B$2:$B$37,0)),"") | K24: =IFERROR(INDEX(HATA_NEDEN_MOTORU!$J$2:$J$37,MATCH(A24&B24,HATA_NEDEN_MOTORU!$A$2:$A$37&HATA_NEDEN_MOTORU!$B$2:$B$37,0)),"")
A25: =KDV_HESAP_TABANI!A5 | B25: 610 %20 İade ↔ 191 %20 | C25: =KDV_HESAP_TABANI!Q5 | D25: =KDV_HESAP_TABANI!R5 | E25: =KDV_HESAP_TABANI!S5 | F25: =KDV_HESAP_TABANI!T5 | G25: =KDV_HESAP_TABANI!U5 | H25: KDV1 | I25: %20 satış iadesi için 191 satıştan iade KDV kontrol edilir. | J25: =IFERROR(INDEX(HATA_NEDEN_MOTORU!$H$2:$H$37,MATCH(A25&B25,HATA_NEDEN_MOTORU!$A$2:$A$37&HATA_NEDEN_MOTORU!$B$2:$B$37,0)),"") | K25: =IFERROR(INDEX(HATA_NEDEN_MOTORU!$J$2:$J$37,MATCH(A25&B25,HATA_NEDEN_MOTORU!$A$2:$A$37&HATA_NEDEN_MOTORU!$B$2:$B$37,0)),"")
A26: =KDV_HESAP_TABANI!A5 | B26: 602 %20 Ciro/İskonto ↔ 391 İlave | C26: =KDV_HESAP_TABANI!V5 | D26: =KDV_HESAP_TABANI!W5 | E26: =KDV_HESAP_TABANI!X5 | F26: =KDV_HESAP_TABANI!Y5 | G26: =KDV_HESAP_TABANI!Z5 | H26: KDV1 | I26: Alış iskonto/ciro primi vb. ilave KDV 391 tarafında izlenir. | J26: =IFERROR(INDEX(HATA_NEDEN_MOTORU!$H$2:$H$37,MATCH(A26&B26,HATA_NEDEN_MOTORU!$A$2:$A$37&HATA_NEDEN_MOTORU!$B$2:$B$37,0)),"") | K26: =IFERROR(INDEX(HATA_NEDEN_MOTORU!$J$2:$J$37,MATCH(A26&B26,HATA_NEDEN_MOTORU!$A$2:$A$37&HATA_NEDEN_MOTORU!$B$2:$B$37,0)),"")
A27: =KDV_HESAP_TABANI!A5 | B27: 646 %10 Kur Kârı ↔ 391 İlave | C27: =KDV_HESAP_TABANI!AA5 | D27: =KDV_HESAP_TABANI!AB5 | E27: =KDV_HESAP_TABANI!AC5 | F27: =KDV_HESAP_TABANI!AD5 | G27: =KDV_HESAP_TABANI!AE5 | H27: KDV1 | I27: KDV hesaplanan kur farkı/ilave KDV 391 ilave KDV ile uyumlu olmalı. | J27: =IFERROR(INDEX(HATA_NEDEN_MOTORU!$H$2:$H$37,MATCH(A27&B27,HATA_NEDEN_MOTORU!$A$2:$A$37&HATA_NEDEN_MOTORU!$B$2:$B$37,0)),"") | K27: =IFERROR(INDEX(HATA_NEDEN_MOTORU!$J$2:$J$37,MATCH(A27&B27,HATA_NEDEN_MOTORU!$A$2:$A$37&HATA_NEDEN_MOTORU!$B$2:$B$37,0)),"")
A28: =KDV_HESAP_TABANI!A6 | B28: 600 %10 Gelir ↔ 391 %10 | C28: =KDV_HESAP_TABANI!B6 | D28: =KDV_HESAP_TABANI!C6 | E28: =KDV_HESAP_TABANI!D6 | F28: =KDV_HESAP_TABANI!E6 | G28: =KDV_HESAP_TABANI!F6 | H28: KDV1 | I28: 600 %10 matrah x %10 = 391 %10 hesaplanan KDV olmalı. | J28: =IFERROR(INDEX(HATA_NEDEN_MOTORU!$H$2:$H$37,MATCH(A28&B28,HATA_NEDEN_MOTORU!$A$2:$A$37&HATA_NEDEN_MOTORU!$B$2:$B$37,0)),"") | K28: =IFERROR(INDEX(HATA_NEDEN_MOTORU!$J$2:$J$37,MATCH(A28&B28,HATA_NEDEN_MOTORU!$A$2:$A$37&HATA_NEDEN_MOTORU!$B$2:$B$37,0)),"")
A29: =KDV_HESAP_TABANI!A6 | B29: 600 %20 Gelir ↔ 391 %20 | C29: =KDV_HESAP_TABANI!G6 | D29: =KDV_HESAP_TABANI!H6 | E29: =KDV_HESAP_TABANI!I6 | F29: =KDV_HESAP_TABANI!J6 | G29: =KDV_HESAP_TABANI!K6 | H29: KDV1 | I29: 600 %20 matrah x %20 = 391 %20 hesaplanan KDV olmalı. | J29: =IFERROR(INDEX(HATA_NEDEN_MOTORU!$H$2:$H$37,MATCH(A29&B29,HATA_NEDEN_MOTORU!$A$2:$A$37&HATA_NEDEN_MOTORU!$B$2:$B$37,0)),"") | K29: =IFERROR(INDEX(HATA_NEDEN_MOTORU!$J$2:$J$37,MATCH(A29&B29,HATA_NEDEN_MOTORU!$A$2:$A$37&HATA_NEDEN_MOTORU!$B$2:$B$37,0)),"")
A30: =KDV_HESAP_TABANI!A6 | B30: 610 %10 İade ↔ 191 %10 | C30: =KDV_HESAP_TABANI!L6 | D30: =KDV_HESAP_TABANI!M6 | E30: =KDV_HESAP_TABANI!N6 | F30: =KDV_HESAP_TABANI!O6 | G30: =KDV_HESAP_TABANI!P6 | H30: KDV1 | I30: Satış iadesi KDV etkisi 191 satıştan iade hesabında görülmeli. | J30: =IFERROR(INDEX(HATA_NEDEN_MOTORU!$H$2:$H$37,MATCH(A30&B30,HATA_NEDEN_MOTORU!$A$2:$A$37&HATA_NEDEN_MOTORU!$B$2:$B$37,0)),"") | K30: =IFERROR(INDEX(HATA_NEDEN_MOTORU!$J$2:$J$37,MATCH(A30&B30,HATA_NEDEN_MOTORU!$A$2:$A$37&HATA_NEDEN_MOTORU!$B$2:$B$37,0)),"")
A31: =KDV_HESAP_TABANI!A6 | B31: 610 %20 İade ↔ 191 %20 | C31: =KDV_HESAP_TABANI!Q6 | D31: =KDV_HESAP_TABANI!R6 | E31: =KDV_HESAP_TABANI!S6 | F31: =KDV_HESAP_TABANI!T6 | G31: =KDV_HESAP_TABANI!U6 | H31: KDV1 | I31: %20 satış iadesi için 191 satıştan iade KDV kontrol edilir. | J31: =IFERROR(INDEX(HATA_NEDEN_MOTORU!$H$2:$H$37,MATCH(A31&B31,HATA_NEDEN_MOTORU!$A$2:$A$37&HATA_NEDEN_MOTORU!$B$2:$B$37,0)),"") | K31: =IFERROR(INDEX(HATA_NEDEN_MOTORU!$J$2:$J$37,MATCH(A31&B31,HATA_NEDEN_MOTORU!$A$2:$A$37&HATA_NEDEN_MOTORU!$B$2:$B$37,0)),"")
A32: =KDV_HESAP_TABANI!A6 | B32: 602 %20 Ciro/İskonto ↔ 391 İlave | C32: =KDV_HESAP_TABANI!V6 | D32: =KDV_HESAP_TABANI!W6 | E32: =KDV_HESAP_TABANI!X6 | F32: =KDV_HESAP_TABANI!Y6 | G32: =KDV_HESAP_TABANI!Z6 | H32: KDV1 | I32: Alış iskonto/ciro primi vb. ilave KDV 391 tarafında izlenir. | J32: =IFERROR(INDEX(HATA_NEDEN_MOTORU!$H$2:$H$37,MATCH(A32&B32,HATA_NEDEN_MOTORU!$A$2:$A$37&HATA_NEDEN_MOTORU!$B$2:$B$37,0)),"") | K32: =IFERROR(INDEX(HATA_NEDEN_MOTORU!$J$2:$J$37,MATCH(A32&B32,HATA_NEDEN_MOTORU!$A$2:$A$37&HATA_NEDEN_MOTORU!$B$2:$B$37,0)),"")
A33: =KDV_HESAP_TABANI!A6 | B33: 646 %10 Kur Kârı ↔ 391 İlave | C33: =KDV_HESAP_TABANI!AA6 | D33: =KDV_HESAP_TABANI!AB6 | E33: =KDV_HESAP_TABANI!AC6 | F33: =KDV_HESAP_TABANI!AD6 | G33: =KDV_HESAP_TABANI!AE6 | H33: KDV1 | I33: KDV hesaplanan kur farkı/ilave KDV 391 ilave KDV ile uyumlu olmalı. | J33: =IFERROR(INDEX(HATA_NEDEN_MOTORU!$H$2:$H$37,MATCH(A33&B33,HATA_NEDEN_MOTORU!$A$2:$A$37&HATA_NEDEN_MOTORU!$B$2:$B$37,0)),"") | K33: =IFERROR(INDEX(HATA_NEDEN_MOTORU!$J$2:$J$37,MATCH(A33&B33,HATA_NEDEN_MOTORU!$A$2:$A$37&HATA_NEDEN_MOTORU!$B$2:$B$37,0)),"")
A34: =KDV_HESAP_TABANI!A7 | B34: 600 %10 Gelir ↔ 391 %10 | C34: =KDV_HESAP_TABANI!B7 | D34: =KDV_HESAP_TABANI!C7 | E34: =KDV_HESAP_TABANI!D7 | F34: =KDV_HESAP_TABANI!E7 | G34: =KDV_HESAP_TABANI!F7 | H34: KDV1 | I34: 600 %10 matrah x %10 = 391 %10 hesaplanan KDV olmalı. | J34: =IFERROR(INDEX(HATA_NEDEN_MOTORU!$H$2:$H$37,MATCH(A34&B34,HATA_NEDEN_MOTORU!$A$2:$A$37&HATA_NEDEN_MOTORU!$B$2:$B$37,0)),"") | K34: =IFERROR(INDEX(HATA_NEDEN_MOTORU!$J$2:$J$37,MATCH(A34&B34,HATA_NEDEN_MOTORU!$A$2:$A$37&HATA_NEDEN_MOTORU!$B$2:$B$37,0)),"")
A35: =KDV_HESAP_TABANI!A7 | B35: 600 %20 Gelir ↔ 391 %20 | C35: =KDV_HESAP_TABANI!G7 | D35: =KDV_HESAP_TABANI!H7 | E35: =KDV_HESAP_TABANI!I7 | F35: =KDV_HESAP_TABANI!J7 | G35: =KDV_HESAP_TABANI!K7 | H35: KDV1 | I35: 600 %20 matrah x %20 = 391 %20 hesaplanan KDV olmalı. | J35: =IFERROR(INDEX(HATA_NEDEN_MOTORU!$H$2:$H$37,MATCH(A35&B35,HATA_NEDEN_MOTORU!$A$2:$A$37&HATA_NEDEN_MOTORU!$B$2:$B$37,0)),"") | K35: =IFERROR(INDEX(HATA_NEDEN_MOTORU!$J$2:$J$37,MATCH(A35&B35,HATA_NEDEN_MOTORU!$A$2:$A$37&HATA_NEDEN_MOTORU!$B$2:$B$37,0)),"")
A36: =KDV_HESAP_TABANI!A7 | B36: 610 %10 İade ↔ 191 %10 | C36: =KDV_HESAP_TABANI!L7 | D36: =KDV_HESAP_TABANI!M7 | E36: =KDV_HESAP_TABANI!N7 | F36: =KDV_HESAP_TABANI!O7 | G36: =KDV_HESAP_TABANI!P7 | H36: KDV1 | I36: Satış iadesi KDV etkisi 191 satıştan iade hesabında görülmeli. | J36: =IFERROR(INDEX(HATA_NEDEN_MOTORU!$H$2:$H$37,MATCH(A36&B36,HATA_NEDEN_MOTORU!$A$2:$A$37&HATA_NEDEN_MOTORU!$B$2:$B$37,0)),"") | K36: =IFERROR(INDEX(HATA_NEDEN_MOTORU!$J$2:$J$37,MATCH(A36&B36,HATA_NEDEN_MOTORU!$A$2:$A$37&HATA_NEDEN_MOTORU!$B$2:$B$37,0)),"")
A37: =KDV_HESAP_TABANI!A7 | B37: 610 %20 İade ↔ 191 %20 | C37: =KDV_HESAP_TABANI!Q7 | D37: =KDV_HESAP_TABANI!R7 | E37: =KDV_HESAP_TABANI!S7 | F37: =KDV_HESAP_TABANI!T7 | G37: =KDV_HESAP_TABANI!U7 | H37: KDV1 | I37: %20 satış iadesi için 191 satıştan iade KDV kontrol edilir. | J37: =IFERROR(INDEX(HATA_NEDEN_MOTORU!$H$2:$H$37,MATCH(A37&B37,HATA_NEDEN_MOTORU!$A$2:$A$37&HATA_NEDEN_MOTORU!$B$2:$B$37,0)),"") | K37: =IFERROR(INDEX(HATA_NEDEN_MOTORU!$J$2:$J$37,MATCH(A37&B37,HATA_NEDEN_MOTORU!$A$2:$A$37&HATA_NEDEN_MOTORU!$B$2:$B$37,0)),"")
A38: =KDV_HESAP_TABANI!A7 | B38: 602 %20 Ciro/İskonto ↔ 391 İlave | C38: =KDV_HESAP_TABANI!V7 | D38: =KDV_HESAP_TABANI!W7 | E38: =KDV_HESAP_TABANI!X7 | F38: =KDV_HESAP_TABANI!Y7 | G38: =KDV_HESAP_TABANI!Z7 | H38: KDV1 | I38: Alış iskonto/ciro primi vb. ilave KDV 391 tarafında izlenir. | J38: =IFERROR(INDEX(HATA_NEDEN_MOTORU!$H$2:$H$37,MATCH(A38&B38,HATA_NEDEN_MOTORU!$A$2:$A$37&HATA_NEDEN_MOTORU!$B$2:$B$37,0)),"") | K38: =IFERROR(INDEX(HATA_NEDEN_MOTORU!$J$2:$J$37,MATCH(A38&B38,HATA_NEDEN_MOTORU!$A$2:$A$37&HATA_NEDEN_MOTORU!$B$2:$B$37,0)),"")
A39: =KDV_HESAP_TABANI!A7 | B39: 646 %10 Kur Kârı ↔ 391 İlave | C39: =KDV_HESAP_TABANI!AA7 | D39: =KDV_HESAP_TABANI!AB7 | E39: =KDV_HESAP_TABANI!AC7 | F39: =KDV_HESAP_TABANI!AD7 | G39: =KDV_HESAP_TABANI!AE7 | H39: KDV1 | I39: KDV hesaplanan kur farkı/ilave KDV 391 ilave KDV ile uyumlu olmalı. | J39: =IFERROR(INDEX(HATA_NEDEN_MOTORU!$H$2:$H$37,MATCH(A39&B39,HATA_NEDEN_MOTORU!$A$2:$A$37&HATA_NEDEN_MOTORU!$B$2:$B$37,0)),"") | K39: =IFERROR(INDEX(HATA_NEDEN_MOTORU!$J$2:$J$37,MATCH(A39&B39,HATA_NEDEN_MOTORU!$A$2:$A$37&HATA_NEDEN_MOTORU!$B$2:$B$37,0)),"")

Sheet HATA_NEDEN_MOTORU
A1: Şube | B1: Kontrol | C1: Matrah | D1: Beklenen KDV | E1: Mevcut KDV | F1: Fark | G1: Durum | H1: Hatalı KDV Nedeni | I1: Beyanname | J1: Kontrol Edilecek Fiş/Hesap
A2: =KDV_HESAP_TABANI!A2 | B2: 600 %10 Gelir ↔ 391 %10 | C2: =KDV_HESAP_TABANI!B2 | D2: =KDV_HESAP_TABANI!C2 | E2: =KDV_HESAP_TABANI!D2 | F2: =KDV_HESAP_TABANI!E2 | G2: =KDV_HESAP_TABANI!F2 | H2: =IF(G2="HAREKET YOK","Hareket yok",IF(G2="TUTUYOR","Tolerans içinde",IF(B2="600 %10 Gelir ↔ 391 %10",IF(F2>0,"391 %10 fazla: %20 olması gereken matrah %10 gelirde kalmış / çift KDV / mapping hatası olabilir","391 %10 eksik: gelir 391 KDV hesabına eksik aktarılmış olabilir"),IF(B2="600 %20 Gelir ↔ 391 %20",IF(F2>0,"391 %20 fazla: KDV mükerrer veya fazla tahakkuk etmiş olabilir","391 %20 eksik: %20 gelir 391 hesabına eksik aktarılmış olabilir"),IF(B2="610 %10 İade ↔ 191 %10",IF(F2>0,"191 satış iade KDV fazla: iade KDV mükerrer/manuel fazla olabilir","191 satış iade KDV eksik: iade fişi 191 hesabına bağlanmamış olabilir"),IF(B2="610 %20 İade ↔ 191 %20",IF(F2>0,"191 %20 iade KDV fazla olabilir","191 %20 iade KDV eksik olabilir"),IF(B2="602 %20 Ciro/İskonto ↔ 391 İlave",IF(F2>0,"391 ilave KDV fazla: alış iade/ciro primi mapping kontrol","391 ilave KDV eksik: alış iade/ciro primi mapping kontrol"),IF(B2="646 %10 Kur Kârı ↔ 391 İlave",IF(F2>0,"391 ilave KDV fazla: kur farkı KDV oran/hesap eşleşmesi kontrol","391 ilave KDV eksik: kur farkı KDV mapping kontrol"),"Kontrol tanımı dışı")))))))) | I2: KDV1 | J2: 600/391 gelir entegrasyon fişi ve ürün-KDV oran mapping
A3: =KDV_HESAP_TABANI!A2 | B3: 600 %20 Gelir ↔ 391 %20 | C3: =KDV_HESAP_TABANI!G2 | D3: =KDV_HESAP_TABANI!H2 | E3: =KDV_HESAP_TABANI!I2 | F3: =KDV_HESAP_TABANI!J2 | G3: =KDV_HESAP_TABANI!K2 | H3: =IF(G3="HAREKET YOK","Hareket yok",IF(G3="TUTUYOR","Tolerans içinde",IF(B3="600 %10 Gelir ↔ 391 %10",IF(F3>0,"391 %10 fazla: %20 olması gereken matrah %10 gelirde kalmış / çift KDV / mapping hatası olabilir","391 %10 eksik: gelir 391 KDV hesabına eksik aktarılmış olabilir"),IF(B3="600 %20 Gelir ↔ 391 %20",IF(F3>0,"391 %20 fazla: KDV mükerrer veya fazla tahakkuk etmiş olabilir","391 %20 eksik: %20 gelir 391 hesabına eksik aktarılmış olabilir"),IF(B3="610 %10 İade ↔ 191 %10",IF(F3>0,"191 satış iade KDV fazla: iade KDV mükerrer/manuel fazla olabilir","191 satış iade KDV eksik: iade fişi 191 hesabına bağlanmamış olabilir"),IF(B3="610 %20 İade ↔ 191 %20",IF(F3>0,"191 %20 iade KDV fazla olabilir","191 %20 iade KDV eksik olabilir"),IF(B3="602 %20 Ciro/İskonto ↔ 391 İlave",IF(F3>0,"391 ilave KDV fazla: alış iade/ciro primi mapping kontrol","391 ilave KDV eksik: alış iade/ciro primi mapping kontrol"),IF(B3="646 %10 Kur Kârı ↔ 391 İlave",IF(F3>0,"391 ilave KDV fazla: kur farkı KDV oran/hesap eşleşmesi kontrol","391 ilave KDV eksik: kur farkı KDV mapping kontrol"),"Kontrol tanımı dışı")))))))) | I3: KDV1 | J3: 600 %20 gelir ve 391 %20 hesaplanan KDV
A4: =KDV_HESAP_TABANI!A2 | B4: 610 %10 İade ↔ 191 %10 | C4: =KDV_HESAP_TABANI!L2 | D4: =KDV_HESAP_TABANI!M2 | E4: =KDV_HESAP_TABANI!N2 | F4: =KDV_HESAP_TABANI!O2 | G4: =KDV_HESAP_TABANI!P2 | H4: =IF(G4="HAREKET YOK","Hareket yok",IF(G4="TUTUYOR","Tolerans içinde",IF(B4="600 %10 Gelir ↔ 391 %10",IF(F4>0,"391 %10 fazla: %20 olması gereken matrah %10 gelirde kalmış / çift KDV / mapping hatası olabilir","391 %10 eksik: gelir 391 KDV hesabına eksik aktarılmış olabilir"),IF(B4="600 %20 Gelir ↔ 391 %20",IF(F4>0,"391 %20 fazla: KDV mükerrer veya fazla tahakkuk etmiş olabilir","391 %20 eksik: %20 gelir 391 hesabına eksik aktarılmış olabilir"),IF(B4="610 %10 İade ↔ 191 %10",IF(F4>0,"191 satış iade KDV fazla: iade KDV mükerrer/manuel fazla olabilir","191 satış iade KDV eksik: iade fişi 191 hesabına bağlanmamış olabilir"),IF(B4="610 %20 İade ↔ 191 %20",IF(F4>0,"191 %20 iade KDV fazla olabilir","191 %20 iade KDV eksik olabilir"),IF(B4="602 %20 Ciro/İskonto ↔ 391 İlave",IF(F4>0,"391 ilave KDV fazla: alış iade/ciro primi mapping kontrol","391 ilave KDV eksik: alış iade/ciro primi mapping kontrol"),IF(B4="646 %10 Kur Kârı ↔ 391 İlave",IF(F4>0,"391 ilave KDV fazla: kur farkı KDV oran/hesap eşleşmesi kontrol","391 ilave KDV eksik: kur farkı KDV mapping kontrol"),"Kontrol tanımı dışı")))))))) | I4: KDV1 | J4: 610 satış iadesi fişi ve 191 satıştan iade KDV
A5: =KDV_HESAP_TABANI!A2 | B5: 610 %20 İade ↔ 191 %20 | C5: =KDV_HESAP_TABANI!Q2 | D5: =KDV_HESAP_TABANI!R2 | E5: =KDV_HESAP_TABANI!S2 | F5: =KDV_HESAP_TABANI!T2 | G5: =KDV_HESAP_TABANI!U2 | H5: =IF(G5="HAREKET YOK","Hareket yok",IF(G5="TUTUYOR","Tolerans içinde",IF(B5="600 %10 Gelir ↔ 391 %10",IF(F5>0,"391 %10 fazla: %20 olması gereken matrah %10 gelirde kalmış / çift KDV / mapping hatası olabilir","391 %10 eksik: gelir 391 KDV hesabına eksik aktarılmış olabilir"),IF(B5="600 %20 Gelir ↔ 391 %20",IF(F5>0,"391 %20 fazla: KDV mükerrer veya fazla tahakkuk etmiş olabilir","391 %20 eksik: %20 gelir 391 hesabına eksik aktarılmış olabilir"),IF(B5="610 %10 İade ↔ 191 %10",IF(F5>0,"191 satış iade KDV fazla: iade KDV mükerrer/manuel fazla olabilir","191 satış iade KDV eksik: iade fişi 191 hesabına bağlanmamış olabilir"),IF(B5="610 %20 İade ↔ 191 %20",IF(F5>0,"191 %20 iade KDV fazla olabilir","191 %20 iade KDV eksik olabilir"),IF(B5="602 %20 Ciro/İskonto ↔ 391 İlave",IF(F5>0,"391 ilave KDV fazla: alış iade/ciro primi mapping kontrol","391 ilave KDV eksik: alış iade/ciro primi mapping kontrol"),IF(B5="646 %10 Kur Kârı ↔ 391 İlave",IF(F5>0,"391 ilave KDV fazla: kur farkı KDV oran/hesap eşleşmesi kontrol","391 ilave KDV eksik: kur farkı KDV mapping kontrol"),"Kontrol tanımı dışı")))))))) | I5: KDV1 | J5: 610 %20 satış iadesi fişi ve 191 %20 iade KDV
A6: =KDV_HESAP_TABANI!A2 | B6: 602 %20 Ciro/İskonto ↔ 391 İlave | C6: =KDV_HESAP_TABANI!V2 | D6: =KDV_HESAP_TABANI!W2 | E6: =KDV_HESAP_TABANI!X2 | F6: =KDV_HESAP_TABANI!Y2 | G6: =KDV_HESAP_TABANI!Z2 | H6: =IF(G6="HAREKET YOK","Hareket yok",IF(G6="TUTUYOR","Tolerans içinde",IF(B6="600 %10 Gelir ↔ 391 %10",IF(F6>0,"391 %10 fazla: %20 olması gereken matrah %10 gelirde kalmış / çift KDV / mapping hatası olabilir","391 %10 eksik: gelir 391 KDV hesabına eksik aktarılmış olabilir"),IF(B6="600 %20 Gelir ↔ 391 %20",IF(F6>0,"391 %20 fazla: KDV mükerrer veya fazla tahakkuk etmiş olabilir","391 %20 eksik: %20 gelir 391 hesabına eksik aktarılmış olabilir"),IF(B6="610 %10 İade ↔ 191 %10",IF(F6>0,"191 satış iade KDV fazla: iade KDV mükerrer/manuel fazla olabilir","191 satış iade KDV eksik: iade fişi 191 hesabına bağlanmamış olabilir"),IF(B6="610 %20 İade ↔ 191 %20",IF(F6>0,"191 %20 iade KDV fazla olabilir","191 %20 iade KDV eksik olabilir"),IF(B6="602 %20 Ciro/İskonto ↔ 391 İlave",IF(F6>0,"391 ilave KDV fazla: alış iade/ciro primi mapping kontrol","391 ilave KDV eksik: alış iade/ciro primi mapping kontrol"),IF(B6="646 %10 Kur Kârı ↔ 391 İlave",IF(F6>0,"391 ilave KDV fazla: kur farkı KDV oran/hesap eşleşmesi kontrol","391 ilave KDV eksik: kur farkı KDV mapping kontrol"),"Kontrol tanımı dışı")))))))) | I6: KDV1 | J6: 602 ciro/iskonto geliri ve 391 ilave KDV
A7: =KDV_HESAP_TABANI!A2 | B7: 646 %10 Kur Kârı ↔ 391 İlave | C7: =KDV_HESAP_TABANI!AA2 | D7: =KDV_HESAP_TABANI!AB2 | E7: =KDV_HESAP_TABANI!AC2 | F7: =KDV_HESAP_TABANI!AD2 | G7: =KDV_HESAP_TABANI!AE2 | H7: =IF(G7="HAREKET YOK","Hareket yok",IF(G7="TUTUYOR","Tolerans içinde",IF(B7="600 %10 Gelir ↔ 391 %10",IF(F7>0,"391 %10 fazla: %20 olması gereken matrah %10 gelirde kalmış / çift KDV / mapping hatası olabilir","391 %10 eksik: gelir 391 KDV hesabına eksik aktarılmış olabilir"),IF(B7="600 %20 Gelir ↔ 391 %20",IF(F7>0,"391 %20 fazla: KDV mükerrer veya fazla tahakkuk etmiş olabilir","391 %20 eksik: %20 gelir 391 hesabına eksik aktarılmış olabilir"),IF(B7="610 %10 İade ↔ 191 %10",IF(F7>0,"191 satış iade KDV fazla: iade KDV mükerrer/manuel fazla olabilir","191 satış iade KDV eksik: iade fişi 191 hesabına bağlanmamış olabilir"),IF(B7="610 %20 İade ↔ 191 %20",IF(F7>0,"191 %20 iade KDV fazla olabilir","191 %20 iade KDV eksik olabilir"),IF(B7="602 %20 Ciro/İskonto ↔ 391 İlave",IF(F7>0,"391 ilave KDV fazla: alış iade/ciro primi mapping kontrol","391 ilave KDV eksik: alış iade/ciro primi mapping kontrol"),IF(B7="646 %10 Kur Kârı ↔ 391 İlave",IF(F7>0,"391 ilave KDV fazla: kur farkı KDV oran/hesap eşleşmesi kontrol","391 ilave KDV eksik: kur farkı KDV mapping kontrol"),"Kontrol tanımı dışı")))))))) | I7: KDV1 | J7: 646 kur farkı ve 391 ilave KDV
A8: =KDV_HESAP_TABANI!A3 | B8: 600 %10 Gelir ↔ 391 %10 | C8: =KDV_HESAP_TABANI!B3 | D8: =KDV_HESAP_TABANI!C3 | E8: =KDV_HESAP_TABANI!D3 | F8: =KDV_HESAP_TABANI!E3 | G8: =KDV_HESAP_TABANI!F3 | H8: =IF(G8="HAREKET YOK","Hareket yok",IF(G8="TUTUYOR","Tolerans içinde",IF(B8="600 %10 Gelir ↔ 391 %10",IF(F8>0,"391 %10 fazla: %20 olması gereken matrah %10 gelirde kalmış / çift KDV / mapping hatası olabilir","391 %10 eksik: gelir 391 KDV hesabına eksik aktarılmış olabilir"),IF(B8="600 %20 Gelir ↔ 391 %20",IF(F8>0,"391 %20 fazla: KDV mükerrer veya fazla tahakkuk etmiş olabilir","391 %20 eksik: %20 gelir 391 hesabına eksik aktarılmış olabilir"),IF(B8="610 %10 İade ↔ 191 %10",IF(F8>0,"191 satış iade KDV fazla: iade KDV mükerrer/manuel fazla olabilir","191 satış iade KDV eksik: iade fişi 191 hesabına bağlanmamış olabilir"),IF(B8="610 %20 İade ↔ 191 %20",IF(F8>0,"191 %20 iade KDV fazla olabilir","191 %20 iade KDV eksik olabilir"),IF(B8="602 %20 Ciro/İskonto ↔ 391 İlave",IF(F8>0,"391 ilave KDV fazla: alış iade/ciro primi mapping kontrol","391 ilave KDV eksik: alış iade/ciro primi mapping kontrol"),IF(B8="646 %10 Kur Kârı ↔ 391 İlave",IF(F8>0,"391 ilave KDV fazla: kur farkı KDV oran/hesap eşleşmesi kontrol","391 ilave KDV eksik: kur farkı KDV mapping kontrol"),"Kontrol tanımı dışı")))))))) | I8: KDV1 | J8: 600/391 gelir entegrasyon fişi ve ürün-KDV oran mapping
A9: =KDV_HESAP_TABANI!A3 | B9: 600 %20 Gelir ↔ 391 %20 | C9: =KDV_HESAP_TABANI!G3 | D9: =KDV_HESAP_TABANI!H3 | E9: =KDV_HESAP_TABANI!I3 | F9: =KDV_HESAP_TABANI!J3 | G9: =KDV_HESAP_TABANI!K3 | H9: =IF(G9="HAREKET YOK","Hareket yok",IF(G9="TUTUYOR","Tolerans içinde",IF(B9="600 %10 Gelir ↔ 391 %10",IF(F9>0,"391 %10 fazla: %20 olması gereken matrah %10 gelirde kalmış / çift KDV / mapping hatası olabilir","391 %10 eksik: gelir 391 KDV hesabına eksik aktarılmış olabilir"),IF(B9="600 %20 Gelir ↔ 391 %20",IF(F9>0,"391 %20 fazla: KDV mükerrer veya fazla tahakkuk etmiş olabilir","391 %20 eksik: %20 gelir 391 hesabına eksik aktarılmış olabilir"),IF(B9="610 %10 İade ↔ 191 %10",IF(F9>0,"191 satış iade KDV fazla: iade KDV mükerrer/manuel fazla olabilir","191 satış iade KDV eksik: iade fişi 191 hesabına bağlanmamış olabilir"),IF(B9="610 %20 İade ↔ 191 %20",IF(F9>0,"191 %20 iade KDV fazla olabilir","191 %20 iade KDV eksik olabilir"),IF(B9="602 %20 Ciro/İskonto ↔ 391 İlave",IF(F9>0,"391 ilave KDV fazla: alış iade/ciro primi mapping kontrol","391 ilave KDV eksik: alış iade/ciro primi mapping kontrol"),IF(B9="646 %10 Kur Kârı ↔ 391 İlave",IF(F9>0,"391 ilave KDV fazla: kur farkı KDV oran/hesap eşleşmesi kontrol","391 ilave KDV eksik: kur farkı KDV mapping kontrol"),"Kontrol tanımı dışı")))))))) | I9: KDV1 | J9: 600 %20 gelir ve 391 %20 hesaplanan KDV
A10: =KDV_HESAP_TABANI!A3 | B10: 610 %10 İade ↔ 191 %10 | C10: =KDV_HESAP_TABANI!L3 | D10: =KDV_HESAP_TABANI!M3 | E10: =KDV_HESAP_TABANI!N3 | F10: =KDV_HESAP_TABANI!O3 | G10: =KDV_HESAP_TABANI!P3 | H10: =IF(G10="HAREKET YOK","Hareket yok",IF(G10="TUTUYOR","Tolerans içinde",IF(B10="600 %10 Gelir ↔ 391 %10",IF(F10>0,"391 %10 fazla: %20 olması gereken matrah %10 gelirde kalmış / çift KDV / mapping hatası olabilir","391 %10 eksik: gelir 391 KDV hesabına eksik aktarılmış olabilir"),IF(B10="600 %20 Gelir ↔ 391 %20",IF(F10>0,"391 %20 fazla: KDV mükerrer veya fazla tahakkuk etmiş olabilir","391 %20 eksik: %20 gelir 391 hesabına eksik aktarılmış olabilir"),IF(B10="610 %10 İade ↔ 191 %10",IF(F10>0,"191 satış iade KDV fazla: iade KDV mükerrer/manuel fazla olabilir","191 satış iade KDV eksik: iade fişi 191 hesabına bağlanmamış olabilir"),IF(B10="610 %20 İade ↔ 191 %20",IF(F10>0,"191 %20 iade KDV fazla olabilir","191 %20 iade KDV eksik olabilir"),IF(B10="602 %20 Ciro/İskonto ↔ 391 İlave",IF(F10>0,"391 ilave KDV fazla: alış iade/ciro primi mapping kontrol","391 ilave KDV eksik: alış iade/ciro primi mapping kontrol"),IF(B10="646 %10 Kur Kârı ↔ 391 İlave",IF(F10>0,"391 ilave KDV fazla: kur farkı KDV oran/hesap eşleşmesi kontrol","391 ilave KDV eksik: kur farkı KDV mapping kontrol"),"Kontrol tanımı dışı")))))))) | I10: KDV1 | J10: 610 satış iadesi fişi ve 191 satıştan iade KDV
A11: =KDV_HESAP_TABANI!A3 | B11: 610 %20 İade ↔ 191 %20 | C11: =KDV_HESAP_TABANI!Q3 | D11: =KDV_HESAP_TABANI!R3 | E11: =KDV_HESAP_TABANI!S3 | F11: =KDV_HESAP_TABANI!T3 | G11: =KDV_HESAP_TABANI!U3 | H11: =IF(G11="HAREKET YOK","Hareket yok",IF(G11="TUTUYOR","Tolerans içinde",IF(B11="600 %10 Gelir ↔ 391 %10",IF(F11>0,"391 %10 fazla: %20 olması gereken matrah %10 gelirde kalmış / çift KDV / mapping hatası olabilir","391 %10 eksik: gelir 391 KDV hesabına eksik aktarılmış olabilir"),IF(B11="600 %20 Gelir ↔ 391 %20",IF(F11>0,"391 %20 fazla: KDV mükerrer veya fazla tahakkuk etmiş olabilir","391 %20 eksik: %20 gelir 391 hesabına eksik aktarılmış olabilir"),IF(B11="610 %10 İade ↔ 191 %10",IF(F11>0,"191 satış iade KDV fazla: iade KDV mükerrer/manuel fazla olabilir","191 satış iade KDV eksik: iade fişi 191 hesabına bağlanmamış olabilir"),IF(B11="610 %20 İade ↔ 191 %20",IF(F11>0,"191 %20 iade KDV fazla olabilir","191 %20 iade KDV eksik olabilir"),IF(B11="602 %20 Ciro/İskonto ↔ 391 İlave",IF(F11>0,"391 ilave KDV fazla: alış iade/ciro primi mapping kontrol","391 ilave KDV eksik: alış iade/ciro primi mapping kontrol"),IF(B11="646 %10 Kur Kârı ↔ 391 İlave",IF(F11>0,"391 ilave KDV fazla: kur farkı KDV oran/hesap eşleşmesi kontrol","391 ilave KDV eksik: kur farkı KDV mapping kontrol"),"Kontrol tanımı dışı")))))))) | I11: KDV1 | J11: 610 %20 satış iadesi fişi ve 191 %20 iade KDV
A12: =KDV_HESAP_TABANI!A3 | B12: 602 %20 Ciro/İskonto ↔ 391 İlave | C12: =KDV_HESAP_TABANI!V3 | D12: =KDV_HESAP_TABANI!W3 | E12: =KDV_HESAP_TABANI!X3 | F12: =KDV_HESAP_TABANI!Y3 | G12: =KDV_HESAP_TABANI!Z3 | H12: =IF(G12="HAREKET YOK","Hareket yok",IF(G12="TUTUYOR","Tolerans içinde",IF(B12="600 %10 Gelir ↔ 391 %10",IF(F12>0,"391 %10 fazla: %20 olması gereken matrah %10 gelirde kalmış / çift KDV / mapping hatası olabilir","391 %10 eksik: gelir 391 KDV hesabına eksik aktarılmış olabilir"),IF(B12="600 %20 Gelir ↔ 391 %20",IF(F12>0,"391 %20 fazla: KDV mükerrer veya fazla tahakkuk etmiş olabilir","391 %20 eksik: %20 gelir 391 hesabına eksik aktarılmış olabilir"),IF(B12="610 %10 İade ↔ 191 %10",IF(F12>0,"191 satış iade KDV fazla: iade KDV mükerrer/manuel fazla olabilir","191 satış iade KDV eksik: iade fişi 191 hesabına bağlanmamış olabilir"),IF(B12="610 %20 İade ↔ 191 %20",IF(F12>0,"191 %20 iade KDV fazla olabilir","191 %20 iade KDV eksik olabilir"),IF(B12="602 %20 Ciro/İskonto ↔ 391 İlave",IF(F12>0,"391 ilave KDV fazla: alış iade/ciro primi mapping kontrol","391 ilave KDV eksik: alış iade/ciro primi mapping kontrol"),IF(B12="646 %10 Kur Kârı ↔ 391 İlave",IF(F12>0,"391 ilave KDV fazla: kur farkı KDV oran/hesap eşleşmesi kontrol","391 ilave KDV eksik: kur farkı KDV mapping kontrol"),"Kontrol tanımı dışı")))))))) | I12: KDV1 | J12: 602 ciro/iskonto geliri ve 391 ilave KDV
A13: =KDV_HESAP_TABANI!A3 | B13: 646 %10 Kur Kârı ↔ 391 İlave | C13: =KDV_HESAP_TABANI!AA3 | D13: =KDV_HESAP_TABANI!AB3 | E13: =KDV_HESAP_TABANI!AC3 | F13: =KDV_HESAP_TABANI!AD3 | G13: =KDV_HESAP_TABANI!AE3 | H13: =IF(G13="HAREKET YOK","Hareket yok",IF(G13="TUTUYOR","Tolerans içinde",IF(B13="600 %10 Gelir ↔ 391 %10",IF(F13>0,"391 %10 fazla: %20 olması gereken matrah %10 gelirde kalmış / çift KDV / mapping hatası olabilir","391 %10 eksik: gelir 391 KDV hesabına eksik aktarılmış olabilir"),IF(B13="600 %20 Gelir ↔ 391 %20",IF(F13>0,"391 %20 fazla: KDV mükerrer veya fazla tahakkuk etmiş olabilir","391 %20 eksik: %20 gelir 391 hesabına eksik aktarılmış olabilir"),IF(B13="610 %10 İade ↔ 191 %10",IF(F13>0,"191 satış iade KDV fazla: iade KDV mükerrer/manuel fazla olabilir","191 satış iade KDV eksik: iade fişi 191 hesabına bağlanmamış olabilir"),IF(B13="610 %20 İade ↔ 191 %20",IF(F13>0,"191 %20 iade KDV fazla olabilir","191 %20 iade KDV eksik olabilir"),IF(B13="602 %20 Ciro/İskonto ↔ 391 İlave",IF(F13>0,"391 ilave KDV fazla: alış iade/ciro primi mapping kontrol","391 ilave KDV eksik: alış iade/ciro primi mapping kontrol"),IF(B13="646 %10 Kur Kârı ↔ 391 İlave",IF(F13>0,"391 ilave KDV fazla: kur farkı KDV oran/hesap eşleşmesi kontrol","391 ilave KDV eksik: kur farkı KDV mapping kontrol"),"Kontrol tanımı dışı")))))))) | I13: KDV1 | J13: 646 kur farkı ve 391 ilave KDV
A14: =KDV_HESAP_TABANI!A4 | B14: 600 %10 Gelir ↔ 391 %10 | C14: =KDV_HESAP_TABANI!B4 | D14: =KDV_HESAP_TABANI!C4 | E14: =KDV_HESAP_TABANI!D4 | F14: =KDV_HESAP_TABANI!E4 | G14: =KDV_HESAP_TABANI!F4 | H14: =IF(G14="HAREKET YOK","Hareket yok",IF(G14="TUTUYOR","Tolerans içinde",IF(B14="600 %10 Gelir ↔ 391 %10",IF(F14>0,"391 %10 fazla: %20 olması gereken matrah %10 gelirde kalmış / çift KDV / mapping hatası olabilir","391 %10 eksik: gelir 391 KDV hesabına eksik aktarılmış olabilir"),IF(B14="600 %20 Gelir ↔ 391 %20",IF(F14>0,"391 %20 fazla: KDV mükerrer veya fazla tahakkuk etmiş olabilir","391 %20 eksik: %20 gelir 391 hesabına eksik aktarılmış olabilir"),IF(B14="610 %10 İade ↔ 191 %10",IF(F14>0,"191 satış iade KDV fazla: iade KDV mükerrer/manuel fazla olabilir","191 satış iade KDV eksik: iade fişi 191 hesabına bağlanmamış olabilir"),IF(B14="610 %20 İade ↔ 191 %20",IF(F14>0,"191 %20 iade KDV fazla olabilir","191 %20 iade KDV eksik olabilir"),IF(B14="602 %20 Ciro/İskonto ↔ 391 İlave",IF(F14>0,"391 ilave KDV fazla: alış iade/ciro primi mapping kontrol","391 ilave KDV eksik: alış iade/ciro primi mapping kontrol"),IF(B14="646 %10 Kur Kârı ↔ 391 İlave",IF(F14>0,"391 ilave KDV fazla: kur farkı KDV oran/hesap eşleşmesi kontrol","391 ilave KDV eksik: kur farkı KDV mapping kontrol"),"Kontrol tanımı dışı")))))))) | I14: KDV1 | J14: 600/391 gelir entegrasyon fişi ve ürün-KDV oran mapping
A15: =KDV_HESAP_TABANI!A4 | B15: 600 %20 Gelir ↔ 391 %20 | C15: =KDV_HESAP_TABANI!G4 | D15: =KDV_HESAP_TABANI!H4 | E15: =KDV_HESAP_TABANI!I4 | F15: =KDV_HESAP_TABANI!J4 | G15: =KDV_HESAP_TABANI!K4 | H15: =IF(G15="HAREKET YOK","Hareket yok",IF(G15="TUTUYOR","Tolerans içinde",IF(B15="600 %10 Gelir ↔ 391 %10",IF(F15>0,"391 %10 fazla: %20 olması gereken matrah %10 gelirde kalmış / çift KDV / mapping hatası olabilir","391 %10 eksik: gelir 391 KDV hesabına eksik aktarılmış olabilir"),IF(B15="600 %20 Gelir ↔ 391 %20",IF(F15>0,"391 %20 fazla: KDV mükerrer veya fazla tahakkuk etmiş olabilir","391 %20 eksik: %20 gelir 391 hesabına eksik aktarılmış olabilir"),IF(B15="610 %10 İade ↔ 191 %10",IF(F15>0,"191 satış iade KDV fazla: iade KDV mükerrer/manuel fazla olabilir","191 satış iade KDV eksik: iade fişi 191 hesabına bağlanmamış olabilir"),IF(B15="610 %20 İade ↔ 191 %20",IF(F15>0,"191 %20 iade KDV fazla olabilir","191 %20 iade KDV eksik olabilir"),IF(B15="602 %20 Ciro/İskonto ↔ 391 İlave",IF(F15>0,"391 ilave KDV fazla: alış iade/ciro primi mapping kontrol","391 ilave KDV eksik: alış iade/ciro primi mapping kontrol"),IF(B15="646 %10 Kur Kârı ↔ 391 İlave",IF(F15>0,"391 ilave KDV fazla: kur farkı KDV oran/hesap eşleşmesi kontrol","391 ilave KDV eksik: kur farkı KDV mapping kontrol"),"Kontrol tanımı dışı")))))))) | I15: KDV1 | J15: 600 %20 gelir ve 391 %20 hesaplanan KDV
A16: =KDV_HESAP_TABANI!A4 | B16: 610 %10 İade ↔ 191 %10 | C16: =KDV_HESAP_TABANI!L4 | D16: =KDV_HESAP_TABANI!M4 | E16: =KDV_HESAP_TABANI!N4 | F16: =KDV_HESAP_TABANI!O4 | G16: =KDV_HESAP_TABANI!P4 | H16: =IF(G16="HAREKET YOK","Hareket yok",IF(G16="TUTUYOR","Tolerans içinde",IF(B16="600 %10 Gelir ↔ 391 %10",IF(F16>0,"391 %10 fazla: %20 olması gereken matrah %10 gelirde kalmış / çift KDV / mapping hatası olabilir","391 %10 eksik: gelir 391 KDV hesabına eksik aktarılmış olabilir"),IF(B16="600 %20 Gelir ↔ 391 %20",IF(F16>0,"391 %20 fazla: KDV mükerrer veya fazla tahakkuk etmiş olabilir","391 %20 eksik: %20 gelir 391 hesabına eksik aktarılmış olabilir"),IF(B16="610 %10 İade ↔ 191 %10",IF(F16>0,"191 satış iade KDV fazla: iade KDV mükerrer/manuel fazla olabilir","191 satış iade KDV eksik: iade fişi 191 hesabına bağlanmamış olabilir"),IF(B16="610 %20 İade ↔ 191 %20",IF(F16>0,"191 %20 iade KDV fazla olabilir","191 %20 iade KDV eksik olabilir"),IF(B16="602 %20 Ciro/İskonto ↔ 391 İlave",IF(F16>0,"391 ilave KDV fazla: alış iade/ciro primi mapping kontrol","391 ilave KDV eksik: alış iade/ciro primi mapping kontrol"),IF(B16="646 %10 Kur Kârı ↔ 391 İlave",IF(F16>0,"391 ilave KDV fazla: kur farkı KDV oran/hesap eşleşmesi kontrol","391 ilave KDV eksik: kur farkı KDV mapping kontrol"),"Kontrol tanımı dışı")))))))) | I16: KDV1 | J16: 610 satış iadesi fişi ve 191 satıştan iade KDV
A17: =KDV_HESAP_TABANI!A4 | B17: 610 %20 İade ↔ 191 %20 | C17: =KDV_HESAP_TABANI!Q4 | D17: =KDV_HESAP_TABANI!R4 | E17: =KDV_HESAP_TABANI!S4 | F17: =KDV_HESAP_TABANI!T4 | G17: =KDV_HESAP_TABANI!U4 | H17: =IF(G17="HAREKET YOK","Hareket yok",IF(G17="TUTUYOR","Tolerans içinde",IF(B17="600 %10 Gelir ↔ 391 %10",IF(F17>0,"391 %10 fazla: %20 olması gereken matrah %10 gelirde kalmış / çift KDV / mapping hatası olabilir","391 %10 eksik: gelir 391 KDV hesabına eksik aktarılmış olabilir"),IF(B17="600 %20 Gelir ↔ 391 %20",IF(F17>0,"391 %20 fazla: KDV mükerrer veya fazla tahakkuk etmiş olabilir","391 %20 eksik: %20 gelir 391 hesabına eksik aktarılmış olabilir"),IF(B17="610 %10 İade ↔ 191 %10",IF(F17>0,"191 satış iade KDV fazla: iade KDV mükerrer/manuel fazla olabilir","191 satış iade KDV eksik: iade fişi 191 hesabına bağlanmamış olabilir"),IF(B17="610 %20 İade ↔ 191 %20",IF(F17>0,"191 %20 iade KDV fazla olabilir","191 %20 iade KDV eksik olabilir"),IF(B17="602 %20 Ciro/İskonto ↔ 391 İlave",IF(F17>0,"391 ilave KDV fazla: alış iade/ciro primi mapping kontrol","391 ilave KDV eksik: alış iade/ciro primi mapping kontrol"),IF(B17="646 %10 Kur Kârı ↔ 391 İlave",IF(F17>0,"391 ilave KDV fazla: kur farkı KDV oran/hesap eşleşmesi kontrol","391 ilave KDV eksik: kur farkı KDV mapping kontrol"),"Kontrol tanımı dışı")))))))) | I17: KDV1 | J17: 610 %20 satış iadesi fişi ve 191 %20 iade KDV
A18: =KDV_HESAP_TABANI!A4 | B18: 602 %20 Ciro/İskonto ↔ 391 İlave | C18: =KDV_HESAP_TABANI!V4 | D18: =KDV_HESAP_TABANI!W4 | E18: =KDV_HESAP_TABANI!X4 | F18: =KDV_HESAP_TABANI!Y4 | G18: =KDV_HESAP_TABANI!Z4 | H18: =IF(G18="HAREKET YOK","Hareket yok",IF(G18="TUTUYOR","Tolerans içinde",IF(B18="600 %10 Gelir ↔ 391 %10",IF(F18>0,"391 %10 fazla: %20 olması gereken matrah %10 gelirde kalmış / çift KDV / mapping hatası olabilir","391 %10 eksik: gelir 391 KDV hesabına eksik aktarılmış olabilir"),IF(B18="600 %20 Gelir ↔ 391 %20",IF(F18>0,"391 %20 fazla: KDV mükerrer veya fazla tahakkuk etmiş olabilir","391 %20 eksik: %20 gelir 391 hesabına eksik aktarılmış olabilir"),IF(B18="610 %10 İade ↔ 191 %10",IF(F18>0,"191 satış iade KDV fazla: iade KDV mükerrer/manuel fazla olabilir","191 satış iade KDV eksik: iade fişi 191 hesabına bağlanmamış olabilir"),IF(B18="610 %20 İade ↔ 191 %20",IF(F18>0,"191 %20 iade KDV fazla olabilir","191 %20 iade KDV eksik olabilir"),IF(B18="602 %20 Ciro/İskonto ↔ 391 İlave",IF(F18>0,"391 ilave KDV fazla: alış iade/ciro primi mapping kontrol","391 ilave KDV eksik: alış iade/ciro primi mapping kontrol"),IF(B18="646 %10 Kur Kârı ↔ 391 İlave",IF(F18>0,"391 ilave KDV fazla: kur farkı KDV oran/hesap eşleşmesi kontrol","391 ilave KDV eksik: kur farkı KDV mapping kontrol"),"Kontrol tanımı dışı")))))))) | I18: KDV1 | J18: 602 ciro/iskonto geliri ve 391 ilave KDV
A19: =KDV_HESAP_TABANI!A4 | B19: 646 %10 Kur Kârı ↔ 391 İlave | C19: =KDV_HESAP_TABANI!AA4 | D19: =KDV_HESAP_TABANI!AB4 | E19: =KDV_HESAP_TABANI!AC4 | F19: =KDV_HESAP_TABANI!AD4 | G19: =KDV_HESAP_TABANI!AE4 | H19: =IF(G19="HAREKET YOK","Hareket yok",IF(G19="TUTUYOR","Tolerans içinde",IF(B19="600 %10 Gelir ↔ 391 %10",IF(F19>0,"391 %10 fazla: %20 olması gereken matrah %10 gelirde kalmış / çift KDV / mapping hatası olabilir","391 %10 eksik: gelir 391 KDV hesabına eksik aktarılmış olabilir"),IF(B19="600 %20 Gelir ↔ 391 %20",IF(F19>0,"391 %20 fazla: KDV mükerrer veya fazla tahakkuk etmiş olabilir","391 %20 eksik: %20 gelir 391 hesabına eksik aktarılmış olabilir"),IF(B19="610 %10 İade ↔ 191 %10",IF(F19>0,"191 satış iade KDV fazla: iade KDV mükerrer/manuel fazla olabilir","191 satış iade KDV eksik: iade fişi 191 hesabına bağlanmamış olabilir"),IF(B19="610 %20 İade ↔ 191 %20",IF(F19>0,"191 %20 iade KDV fazla olabilir","191 %20 iade KDV eksik olabilir"),IF(B19="602 %20 Ciro/İskonto ↔ 391 İlave",IF(F19>0,"391 ilave KDV fazla: alış iade/ciro primi mapping kontrol","391 ilave KDV eksik: alış iade/ciro primi mapping kontrol"),IF(B19="646 %10 Kur Kârı ↔ 391 İlave",IF(F19>0,"391 ilave KDV fazla: kur farkı KDV oran/hesap eşleşmesi kontrol","391 ilave KDV eksik: kur farkı KDV mapping kontrol"),"Kontrol tanımı dışı")))))))) | I19: KDV1 | J19: 646 kur farkı ve 391 ilave KDV
A20: =KDV_HESAP_TABANI!A5 | B20: 600 %10 Gelir ↔ 391 %10 | C20: =KDV_HESAP_TABANI!B5 | D20: =KDV_HESAP_TABANI!C5 | E20: =KDV_HESAP_TABANI!D5 | F20: =KDV_HESAP_TABANI!E5 | G20: =KDV_HESAP_TABANI!F5 | H20: =IF(G20="HAREKET YOK","Hareket yok",IF(G20="TUTUYOR","Tolerans içinde",IF(B20="600 %10 Gelir ↔ 391 %10",IF(F20>0,"391 %10 fazla: %20 olması gereken matrah %10 gelirde kalmış / çift KDV / mapping hatası olabilir","391 %10 eksik: gelir 391 KDV hesabına eksik aktarılmış olabilir"),IF(B20="600 %20 Gelir ↔ 391 %20",IF(F20>0,"391 %20 fazla: KDV mükerrer veya fazla tahakkuk etmiş olabilir","391 %20 eksik: %20 gelir 391 hesabına eksik aktarılmış olabilir"),IF(B20="610 %10 İade ↔ 191 %10",IF(F20>0,"191 satış iade KDV fazla: iade KDV mükerrer/manuel fazla olabilir","191 satış iade KDV eksik: iade fişi 191 hesabına bağlanmamış olabilir"),IF(B20="610 %20 İade ↔ 191 %20",IF(F20>0,"191 %20 iade KDV fazla olabilir","191 %20 iade KDV eksik olabilir"),IF(B20="602 %20 Ciro/İskonto ↔ 391 İlave",IF(F20>0,"391 ilave KDV fazla: alış iade/ciro primi mapping kontrol","391 ilave KDV eksik: alış iade/ciro primi mapping kontrol"),IF(B20="646 %10 Kur Kârı ↔ 391 İlave",IF(F20>0,"391 ilave KDV fazla: kur farkı KDV oran/hesap eşleşmesi kontrol","391 ilave KDV eksik: kur farkı KDV mapping kontrol"),"Kontrol tanımı dışı")))))))) | I20: KDV1 | J20: 600/391 gelir entegrasyon fişi ve ürün-KDV oran mapping
A21: =KDV_HESAP_TABANI!A5 | B21: 600 %20 Gelir ↔ 391 %20 | C21: =KDV_HESAP_TABANI!G5 | D21: =KDV_HESAP_TABANI!H5 | E21: =KDV_HESAP_TABANI!I5 | F21: =KDV_HESAP_TABANI!J5 | G21: =KDV_HESAP_TABANI!K5 | H21: =IF(G21="HAREKET YOK","Hareket yok",IF(G21="TUTUYOR","Tolerans içinde",IF(B21="600 %10 Gelir ↔ 391 %10",IF(F21>0,"391 %10 fazla: %20 olması gereken matrah %10 gelirde kalmış / çift KDV / mapping hatası olabilir","391 %10 eksik: gelir 391 KDV hesabına eksik aktarılmış olabilir"),IF(B21="600 %20 Gelir ↔ 391 %20",IF(F21>0,"391 %20 fazla: KDV mükerrer veya fazla tahakkuk etmiş olabilir","391 %20 eksik: %20 gelir 391 hesabına eksik aktarılmış olabilir"),IF(B21="610 %10 İade ↔ 191 %10",IF(F21>0,"191 satış iade KDV fazla: iade KDV mükerrer/manuel fazla olabilir","191 satış iade KDV eksik: iade fişi 191 hesabına bağlanmamış olabilir"),IF(B21="610 %20 İade ↔ 191 %20",IF(F21>0,"191 %20 iade KDV fazla olabilir","191 %20 iade KDV eksik olabilir"),IF(B21="602 %20 Ciro/İskonto ↔ 391 İlave",IF(F21>0,"391 ilave KDV fazla: alış iade/ciro primi mapping kontrol","391 ilave KDV eksik: alış iade/ciro primi mapping kontrol"),IF(B21="646 %10 Kur Kârı ↔ 391 İlave",IF(F21>0,"391 ilave KDV fazla: kur farkı KDV oran/hesap eşleşmesi kontrol","391 ilave KDV eksik: kur farkı KDV mapping kontrol"),"Kontrol tanımı dışı")))))))) | I21: KDV1 | J21: 600 %20 gelir ve 391 %20 hesaplanan KDV
A22: =KDV_HESAP_TABANI!A5 | B22: 610 %10 İade ↔ 191 %10 | C22: =KDV_HESAP_TABANI!L5 | D22: =KDV_HESAP_TABANI!M5 | E22: =KDV_HESAP_TABANI!N5 | F22: =KDV_HESAP_TABANI!O5 | G22: =KDV_HESAP_TABANI!P5 | H22: =IF(G22="HAREKET YOK","Hareket yok",IF(G22="TUTUYOR","Tolerans içinde",IF(B22="600 %10 Gelir ↔ 391 %10",IF(F22>0,"391 %10 fazla: %20 olması gereken matrah %10 gelirde kalmış / çift KDV / mapping hatası olabilir","391 %10 eksik: gelir 391 KDV hesabına eksik aktarılmış olabilir"),IF(B22="600 %20 Gelir ↔ 391 %20",IF(F22>0,"391 %20 fazla: KDV mükerrer veya fazla tahakkuk etmiş olabilir","391 %20 eksik: %20 gelir 391 hesabına eksik aktarılmış olabilir"),IF(B22="610 %10 İade ↔ 191 %10",IF(F22>0,"191 satış iade KDV fazla: iade KDV mükerrer/manuel fazla olabilir","191 satış iade KDV eksik: iade fişi 191 hesabına bağlanmamış olabilir"),IF(B22="610 %20 İade ↔ 191 %20",IF(F22>0,"191 %20 iade KDV fazla olabilir","191 %20 iade KDV eksik olabilir"),IF(B22="602 %20 Ciro/İskonto ↔ 391 İlave",IF(F22>0,"391 ilave KDV fazla: alış iade/ciro primi mapping kontrol","391 ilave KDV eksik: alış iade/ciro primi mapping kontrol"),IF(B22="646 %10 Kur Kârı ↔ 391 İlave",IF(F22>0,"391 ilave KDV fazla: kur farkı KDV oran/hesap eşleşmesi kontrol","391 ilave KDV eksik: kur farkı KDV mapping kontrol"),"Kontrol tanımı dışı")))))))) | I22: KDV1 | J22: 610 satış iadesi fişi ve 191 satıştan iade KDV
A23: =KDV_HESAP_TABANI!A5 | B23: 610 %20 İade ↔ 191 %20 | C23: =KDV_HESAP_TABANI!Q5 | D23: =KDV_HESAP_TABANI!R5 | E23: =KDV_HESAP_TABANI!S5 | F23: =KDV_HESAP_TABANI!T5 | G23: =KDV_HESAP_TABANI!U5 | H23: =IF(G23="HAREKET YOK","Hareket yok",IF(G23="TUTUYOR","Tolerans içinde",IF(B23="600 %10 Gelir ↔ 391 %10",IF(F23>0,"391 %10 fazla: %20 olması gereken matrah %10 gelirde kalmış / çift KDV / mapping hatası olabilir","391 %10 eksik: gelir 391 KDV hesabına eksik aktarılmış olabilir"),IF(B23="600 %20 Gelir ↔ 391 %20",IF(F23>0,"391 %20 fazla: KDV mükerrer veya fazla tahakkuk etmiş olabilir","391 %20 eksik: %20 gelir 391 hesabına eksik aktarılmış olabilir"),IF(B23="610 %10 İade ↔ 191 %10",IF(F23>0,"191 satış iade KDV fazla: iade KDV mükerrer/manuel fazla olabilir","191 satış iade KDV eksik: iade fişi 191 hesabına bağlanmamış olabilir"),IF(B23="610 %20 İade ↔ 191 %20",IF(F23>0,"191 %20 iade KDV fazla olabilir","191 %20 iade KDV eksik olabilir"),IF(B23="602 %20 Ciro/İskonto ↔ 391 İlave",IF(F23>0,"391 ilave KDV fazla: alış iade/ciro primi mapping kontrol","391 ilave KDV eksik: alış iade/ciro primi mapping kontrol"),IF(B23="646 %10 Kur Kârı ↔ 391 İlave",IF(F23>0,"391 ilave KDV fazla: kur farkı KDV oran/hesap eşleşmesi kontrol","391 ilave KDV eksik: kur farkı KDV mapping kontrol"),"Kontrol tanımı dışı")))))))) | I23: KDV1 | J23: 610 %20 satış iadesi fişi ve 191 %20 iade KDV
A24: =KDV_HESAP_TABANI!A5 | B24: 602 %20 Ciro/İskonto ↔ 391 İlave | C24: =KDV_HESAP_TABANI!V5 | D24: =KDV_HESAP_TABANI!W5 | E24: =KDV_HESAP_TABANI!X5 | F24: =KDV_HESAP_TABANI!Y5 | G24: =KDV_HESAP_TABANI!Z5 | H24: =IF(G24="HAREKET YOK","Hareket yok",IF(G24="TUTUYOR","Tolerans içinde",IF(B24="600 %10 Gelir ↔ 391 %10",IF(F24>0,"391 %10 fazla: %20 olması gereken matrah %10 gelirde kalmış / çift KDV / mapping hatası olabilir","391 %10 eksik: gelir 391 KDV hesabına eksik aktarılmış olabilir"),IF(B24="600 %20 Gelir ↔ 391 %20",IF(F24>0,"391 %20 fazla: KDV mükerrer veya fazla tahakkuk etmiş olabilir","391 %20 eksik: %20 gelir 391 hesabına eksik aktarılmış olabilir"),IF(B24="610 %10 İade ↔ 191 %10",IF(F24>0,"191 satış iade KDV fazla: iade KDV mükerrer/manuel fazla olabilir","191 satış iade KDV eksik: iade fişi 191 hesabına bağlanmamış olabilir"),IF(B24="610 %20 İade ↔ 191 %20",IF(F24>0,"191 %20 iade KDV fazla olabilir","191 %20 iade KDV eksik olabilir"),IF(B24="602 %20 Ciro/İskonto ↔ 391 İlave",IF(F24>0,"391 ilave KDV fazla: alış iade/ciro primi mapping kontrol","391 ilave KDV eksik: alış iade/ciro primi mapping kontrol"),IF(B24="646 %10 Kur Kârı ↔ 391 İlave",IF(F24>0,"391 ilave KDV fazla: kur farkı KDV oran/hesap eşleşmesi kontrol","391 ilave KDV eksik: kur farkı KDV mapping kontrol"),"Kontrol tanımı dışı")))))))) | I24: KDV1 | J24: 602 ciro/iskonto geliri ve 391 ilave KDV
A25: =KDV_HESAP_TABANI!A5 | B25: 646 %10 Kur Kârı ↔ 391 İlave | C25: =KDV_HESAP_TABANI!AA5 | D25: =KDV_HESAP_TABANI!AB5 | E25: =KDV_HESAP_TABANI!AC5 | F25: =KDV_HESAP_TABANI!AD5 | G25: =KDV_HESAP_TABANI!AE5 | H25: =IF(G25="HAREKET YOK","Hareket yok",IF(G25="TUTUYOR","Tolerans içinde",IF(B25="600 %10 Gelir ↔ 391 %10",IF(F25>0,"391 %10 fazla: %20 olması gereken matrah %10 gelirde kalmış / çift KDV / mapping hatası olabilir","391 %10 eksik: gelir 391 KDV hesabına eksik aktarılmış olabilir"),IF(B25="600 %20 Gelir ↔ 391 %20",IF(F25>0,"391 %20 fazla: KDV mükerrer veya fazla tahakkuk etmiş olabilir","391 %20 eksik: %20 gelir 391 hesabına eksik aktarılmış olabilir"),IF(B25="610 %10 İade ↔ 191 %10",IF(F25>0,"191 satış iade KDV fazla: iade KDV mükerrer/manuel fazla olabilir","191 satış iade KDV eksik: iade fişi 191 hesabına bağlanmamış olabilir"),IF(B25="610 %20 İade ↔ 191 %20",IF(F25>0,"191 %20 iade KDV fazla olabilir","191 %20 iade KDV eksik olabilir"),IF(B25="602 %20 Ciro/İskonto ↔ 391 İlave",IF(F25>0,"391 ilave KDV fazla: alış iade/ciro primi mapping kontrol","391 ilave KDV eksik: alış iade/ciro primi mapping kontrol"),IF(B25="646 %10 Kur Kârı ↔ 391 İlave",IF(F25>0,"391 ilave KDV fazla: kur farkı KDV oran/hesap eşleşmesi kontrol","391 ilave KDV eksik: kur farkı KDV mapping kontrol"),"Kontrol tanımı dışı")))))))) | I25: KDV1 | J25: 646 kur farkı ve 391 ilave KDV
A26: =KDV_HESAP_TABANI!A6 | B26: 600 %10 Gelir ↔ 391 %10 | C26: =KDV_HESAP_TABANI!B6 | D26: =KDV_HESAP_TABANI!C6 | E26: =KDV_HESAP_TABANI!D6 | F26: =KDV_HESAP_TABANI!E6 | G26: =KDV_HESAP_TABANI!F6 | H26: =IF(G26="HAREKET YOK","Hareket yok",IF(G26="TUTUYOR","Tolerans içinde",IF(B26="600 %10 Gelir ↔ 391 %10",IF(F26>0,"391 %10 fazla: %20 olması gereken matrah %10 gelirde kalmış / çift KDV / mapping hatası olabilir","391 %10 eksik: gelir 391 KDV hesabına eksik aktarılmış olabilir"),IF(B26="600 %20 Gelir ↔ 391 %20",IF(F26>0,"391 %20 fazla: KDV mükerrer veya fazla tahakkuk etmiş olabilir","391 %20 eksik: %20 gelir 391 hesabına eksik aktarılmış olabilir"),IF(B26="610 %10 İade ↔ 191 %10",IF(F26>0,"191 satış iade KDV fazla: iade KDV mükerrer/manuel fazla olabilir","191 satış iade KDV eksik: iade fişi 191 hesabına bağlanmamış olabilir"),IF(B26="610 %20 İade ↔ 191 %20",IF(F26>0,"191 %20 iade KDV fazla olabilir","191 %20 iade KDV eksik olabilir"),IF(B26="602 %20 Ciro/İskonto ↔ 391 İlave",IF(F26>0,"391 ilave KDV fazla: alış iade/ciro primi mapping kontrol","391 ilave KDV eksik: alış iade/ciro primi mapping kontrol"),IF(B26="646 %10 Kur Kârı ↔ 391 İlave",IF(F26>0,"391 ilave KDV fazla: kur farkı KDV oran/hesap eşleşmesi kontrol","391 ilave KDV eksik: kur farkı KDV mapping kontrol"),"Kontrol tanımı dışı")))))))) | I26: KDV1 | J26: 600/391 gelir entegrasyon fişi ve ürün-KDV oran mapping
A27: =KDV_HESAP_TABANI!A6 | B27: 600 %20 Gelir ↔ 391 %20 | C27: =KDV_HESAP_TABANI!G6 | D27: =KDV_HESAP_TABANI!H6 | E27: =KDV_HESAP_TABANI!I6 | F27: =KDV_HESAP_TABANI!J6 | G27: =KDV_HESAP_TABANI!K6 | H27: =IF(G27="HAREKET YOK","Hareket yok",IF(G27="TUTUYOR","Tolerans içinde",IF(B27="600 %10 Gelir ↔ 391 %10",IF(F27>0,"391 %10 fazla: %20 olması gereken matrah %10 gelirde kalmış / çift KDV / mapping hatası olabilir","391 %10 eksik: gelir 391 KDV hesabına eksik aktarılmış olabilir"),IF(B27="600 %20 Gelir ↔ 391 %20",IF(F27>0,"391 %20 fazla: KDV mükerrer veya fazla tahakkuk etmiş olabilir","391 %20 eksik: %20 gelir 391 hesabına eksik aktarılmış olabilir"),IF(B27="610 %10 İade ↔ 191 %10",IF(F27>0,"191 satış iade KDV fazla: iade KDV mükerrer/manuel fazla olabilir","191 satış iade KDV eksik: iade fişi 191 hesabına bağlanmamış olabilir"),IF(B27="610 %20 İade ↔ 191 %20",IF(F27>0,"191 %20 iade KDV fazla olabilir","191 %20 iade KDV eksik olabilir"),IF(B27="602 %20 Ciro/İskonto ↔ 391 İlave",IF(F27>0,"391 ilave KDV fazla: alış iade/ciro primi mapping kontrol","391 ilave KDV eksik: alış iade/ciro primi mapping kontrol"),IF(B27="646 %10 Kur Kârı ↔ 391 İlave",IF(F27>0,"391 ilave KDV fazla: kur farkı KDV oran/hesap eşleşmesi kontrol","391 ilave KDV eksik: kur farkı KDV mapping kontrol"),"Kontrol tanımı dışı")))))))) | I27: KDV1 | J27: 600 %20 gelir ve 391 %20 hesaplanan KDV
A28: =KDV_HESAP_TABANI!A6 | B28: 610 %10 İade ↔ 191 %10 | C28: =KDV_HESAP_TABANI!L6 | D28: =KDV_HESAP_TABANI!M6 | E28: =KDV_HESAP_TABANI!N6 | F28: =KDV_HESAP_TABANI!O6 | G28: =KDV_HESAP_TABANI!P6 | H28: =IF(G28="HAREKET YOK","Hareket yok",IF(G28="TUTUYOR","Tolerans içinde",IF(B28="600 %10 Gelir ↔ 391 %10",IF(F28>0,"391 %10 fazla: %20 olması gereken matrah %10 gelirde kalmış / çift KDV / mapping hatası olabilir","391 %10 eksik: gelir 391 KDV hesabına eksik aktarılmış olabilir"),IF(B28="600 %20 Gelir ↔ 391 %20",IF(F28>0,"391 %20 fazla: KDV mükerrer veya fazla tahakkuk etmiş olabilir","391 %20 eksik: %20 gelir 391 hesabına eksik aktarılmış olabilir"),IF(B28="610 %10 İade ↔ 191 %10",IF(F28>0,"191 satış iade KDV fazla: iade KDV mükerrer/manuel fazla olabilir","191 satış iade KDV eksik: iade fişi 191 hesabına bağlanmamış olabilir"),IF(B28="610 %20 İade ↔ 191 %20",IF(F28>0,"191 %20 iade KDV fazla olabilir","191 %20 iade KDV eksik olabilir"),IF(B28="602 %20 Ciro/İskonto ↔ 391 İlave",IF(F28>0,"391 ilave KDV fazla: alış iade/ciro primi mapping kontrol","391 ilave KDV eksik: alış iade/ciro primi mapping kontrol"),IF(B28="646 %10 Kur Kârı ↔ 391 İlave",IF(F28>0,"391 ilave KDV fazla: kur farkı KDV oran/hesap eşleşmesi kontrol","391 ilave KDV eksik: kur farkı KDV mapping kontrol"),"Kontrol tanımı dışı")))))))) | I28: KDV1 | J28: 610 satış iadesi fişi ve 191 satıştan iade KDV
A29: =KDV_HESAP_TABANI!A6 | B29: 610 %20 İade ↔ 191 %20 | C29: =KDV_HESAP_TABANI!Q6 | D29: =KDV_HESAP_TABANI!R6 | E29: =KDV_HESAP_TABANI!S6 | F29: =KDV_HESAP_TABANI!T6 | G29: =KDV_HESAP_TABANI!U6 | H29: =IF(G29="HAREKET YOK","Hareket yok",IF(G29="TUTUYOR","Tolerans içinde",IF(B29="600 %10 Gelir ↔ 391 %10",IF(F29>0,"391 %10 fazla: %20 olması gereken matrah %10 gelirde kalmış / çift KDV / mapping hatası olabilir","391 %10 eksik: gelir 391 KDV hesabına eksik aktarılmış olabilir"),IF(B29="600 %20 Gelir ↔ 391 %20",IF(F29>0,"391 %20 fazla: KDV mükerrer veya fazla tahakkuk etmiş olabilir","391 %20 eksik: %20 gelir 391 hesabına eksik aktarılmış olabilir"),IF(B29="610 %10 İade ↔ 191 %10",IF(F29>0,"191 satış iade KDV fazla: iade KDV mükerrer/manuel fazla olabilir","191 satış iade KDV eksik: iade fişi 191 hesabına bağlanmamış olabilir"),IF(B29="610 %20 İade ↔ 191 %20",IF(F29>0,"191 %20 iade KDV fazla olabilir","191 %20 iade KDV eksik olabilir"),IF(B29="602 %20 Ciro/İskonto ↔ 391 İlave",IF(F29>0,"391 ilave KDV fazla: alış iade/ciro primi mapping kontrol","391 ilave KDV eksik: alış iade/ciro primi mapping kontrol"),IF(B29="646 %10 Kur Kârı ↔ 391 İlave",IF(F29>0,"391 ilave KDV fazla: kur farkı KDV oran/hesap eşleşmesi kontrol","391 ilave KDV eksik: kur farkı KDV mapping kontrol"),"Kontrol tanımı dışı")))))))) | I29: KDV1 | J29: 610 %20 satış iadesi fişi ve 191 %20 iade KDV
A30: =KDV_HESAP_TABANI!A6 | B30: 602 %20 Ciro/İskonto ↔ 391 İlave | C30: =KDV_HESAP_TABANI!V6 | D30: =KDV_HESAP_TABANI!W6 | E30: =KDV_HESAP_TABANI!X6 | F30: =KDV_HESAP_TABANI!Y6 | G30: =KDV_HESAP_TABANI!Z6 | H30: =IF(G30="HAREKET YOK","Hareket yok",IF(G30="TUTUYOR","Tolerans içinde",IF(B30="600 %10 Gelir ↔ 391 %10",IF(F30>0,"391 %10 fazla: %20 olması gereken matrah %10 gelirde kalmış / çift KDV / mapping hatası olabilir","391 %10 eksik: gelir 391 KDV hesabına eksik aktarılmış olabilir"),IF(B30="600 %20 Gelir ↔ 391 %20",IF(F30>0,"391 %20 fazla: KDV mükerrer veya fazla tahakkuk etmiş olabilir","391 %20 eksik: %20 gelir 391 hesabına eksik aktarılmış olabilir"),IF(B30="610 %10 İade ↔ 191 %10",IF(F30>0,"191 satış iade KDV fazla: iade KDV mükerrer/manuel fazla olabilir","191 satış iade KDV eksik: iade fişi 191 hesabına bağlanmamış olabilir"),IF(B30="610 %20 İade ↔ 191 %20",IF(F30>0,"191 %20 iade KDV fazla olabilir","191 %20 iade KDV eksik olabilir"),IF(B30="602 %20 Ciro/İskonto ↔ 391 İlave",IF(F30>0,"391 ilave KDV fazla: alış iade/ciro primi mapping kontrol","391 ilave KDV eksik: alış iade/ciro primi mapping kontrol"),IF(B30="646 %10 Kur Kârı ↔ 391 İlave",IF(F30>0,"391 ilave KDV fazla: kur farkı KDV oran/hesap eşleşmesi kontrol","391 ilave KDV eksik: kur farkı KDV mapping kontrol"),"Kontrol tanımı dışı")))))))) | I30: KDV1 | J30: 602 ciro/iskonto geliri ve 391 ilave KDV
A31: =KDV_HESAP_TABANI!A6 | B31: 646 %10 Kur Kârı ↔ 391 İlave | C31: =KDV_HESAP_TABANI!AA6 | D31: =KDV_HESAP_TABANI!AB6 | E31: =KDV_HESAP_TABANI!AC6 | F31: =KDV_HESAP_TABANI!AD6 | G31: =KDV_HESAP_TABANI!AE6 | H31: =IF(G31="HAREKET YOK","Hareket yok",IF(G31="TUTUYOR","Tolerans içinde",IF(B31="600 %10 Gelir ↔ 391 %10",IF(F31>0,"391 %10 fazla: %20 olması gereken matrah %10 gelirde kalmış / çift KDV / mapping hatası olabilir","391 %10 eksik: gelir 391 KDV hesabına eksik aktarılmış olabilir"),IF(B31="600 %20 Gelir ↔ 391 %20",IF(F31>0,"391 %20 fazla: KDV mükerrer veya fazla tahakkuk etmiş olabilir","391 %20 eksik: %20 gelir 391 hesabına eksik aktarılmış olabilir"),IF(B31="610 %10 İade ↔ 191 %10",IF(F31>0,"191 satış iade KDV fazla: iade KDV mükerrer/manuel fazla olabilir","191 satış iade KDV eksik: iade fişi 191 hesabına bağlanmamış olabilir"),IF(B31="610 %20 İade ↔ 191 %20",IF(F31>0,"191 %20 iade KDV fazla olabilir","191 %20 iade KDV eksik olabilir"),IF(B31="602 %20 Ciro/İskonto ↔ 391 İlave",IF(F31>0,"391 ilave KDV fazla: alış iade/ciro primi mapping kontrol","391 ilave KDV eksik: alış iade/ciro primi mapping kontrol"),IF(B31="646 %10 Kur Kârı ↔ 391 İlave",IF(F31>0,"391 ilave KDV fazla: kur farkı KDV oran/hesap eşleşmesi kontrol","391 ilave KDV eksik: kur farkı KDV mapping kontrol"),"Kontrol tanımı dışı")))))))) | I31: KDV1 | J31: 646 kur farkı ve 391 ilave KDV
A32: =KDV_HESAP_TABANI!A7 | B32: 600 %10 Gelir ↔ 391 %10 | C32: =KDV_HESAP_TABANI!B7 | D32: =KDV_HESAP_TABANI!C7 | E32: =KDV_HESAP_TABANI!D7 | F32: =KDV_HESAP_TABANI!E7 | G32: =KDV_HESAP_TABANI!F7 | H32: =IF(G32="HAREKET YOK","Hareket yok",IF(G32="TUTUYOR","Tolerans içinde",IF(B32="600 %10 Gelir ↔ 391 %10",IF(F32>0,"391 %10 fazla: %20 olması gereken matrah %10 gelirde kalmış / çift KDV / mapping hatası olabilir","391 %10 eksik: gelir 391 KDV hesabına eksik aktarılmış olabilir"),IF(B32="600 %20 Gelir ↔ 391 %20",IF(F32>0,"391 %20 fazla: KDV mükerrer veya fazla tahakkuk etmiş olabilir","391 %20 eksik: %20 gelir 391 hesabına eksik aktarılmış olabilir"),IF(B32="610 %10 İade ↔ 191 %10",IF(F32>0,"191 satış iade KDV fazla: iade KDV mükerrer/manuel fazla olabilir","191 satış iade KDV eksik: iade fişi 191 hesabına bağlanmamış olabilir"),IF(B32="610 %20 İade ↔ 191 %20",IF(F32>0,"191 %20 iade KDV fazla olabilir","191 %20 iade KDV eksik olabilir"),IF(B32="602 %20 Ciro/İskonto ↔ 391 İlave",IF(F32>0,"391 ilave KDV fazla: alış iade/ciro primi mapping kontrol","391 ilave KDV eksik: alış iade/ciro primi mapping kontrol"),IF(B32="646 %10 Kur Kârı ↔ 391 İlave",IF(F32>0,"391 ilave KDV fazla: kur farkı KDV oran/hesap eşleşmesi kontrol","391 ilave KDV eksik: kur farkı KDV mapping kontrol"),"Kontrol tanımı dışı")))))))) | I32: KDV1 | J32: 600/391 gelir entegrasyon fişi ve ürün-KDV oran mapping
A33: =KDV_HESAP_TABANI!A7 | B33: 600 %20 Gelir ↔ 391 %20 | C33: =KDV_HESAP_TABANI!G7 | D33: =KDV_HESAP_TABANI!H7 | E33: =KDV_HESAP_TABANI!I7 | F33: =KDV_HESAP_TABANI!J7 | G33: =KDV_HESAP_TABANI!K7 | H33: =IF(G33="HAREKET YOK","Hareket yok",IF(G33="TUTUYOR","Tolerans içinde",IF(B33="600 %10 Gelir ↔ 391 %10",IF(F33>0,"391 %10 fazla: %20 olması gereken matrah %10 gelirde kalmış / çift KDV / mapping hatası olabilir","391 %10 eksik: gelir 391 KDV hesabına eksik aktarılmış olabilir"),IF(B33="600 %20 Gelir ↔ 391 %20",IF(F33>0,"391 %20 fazla: KDV mükerrer veya fazla tahakkuk etmiş olabilir","391 %20 eksik: %20 gelir 391 hesabına eksik aktarılmış olabilir"),IF(B33="610 %10 İade ↔ 191 %10",IF(F33>0,"191 satış iade KDV fazla: iade KDV mükerrer/manuel fazla olabilir","191 satış iade KDV eksik: iade fişi 191 hesabına bağlanmamış olabilir"),IF(B33="610 %20 İade ↔ 191 %20",IF(F33>0,"191 %20 iade KDV fazla olabilir","191 %20 iade KDV eksik olabilir"),IF(B33="602 %20 Ciro/İskonto ↔ 391 İlave",IF(F33>0,"391 ilave KDV fazla: alış iade/ciro primi mapping kontrol","391 ilave KDV eksik: alış iade/ciro primi mapping kontrol"),IF(B33="646 %10 Kur Kârı ↔ 391 İlave",IF(F33>0,"391 ilave KDV fazla: kur farkı KDV oran/hesap eşleşmesi kontrol","391 ilave KDV eksik: kur farkı KDV mapping kontrol"),"Kontrol tanımı dışı")))))))) | I33: KDV1 | J33: 600 %20 gelir ve 391 %20 hesaplanan KDV
A34: =KDV_HESAP_TABANI!A7 | B34: 610 %10 İade ↔ 191 %10 | C34: =KDV_HESAP_TABANI!L7 | D34: =KDV_HESAP_TABANI!M7 | E34: =KDV_HESAP_TABANI!N7 | F34: =KDV_HESAP_TABANI!O7 | G34: =KDV_HESAP_TABANI!P7 | H34: =IF(G34="HAREKET YOK","Hareket yok",IF(G34="TUTUYOR","Tolerans içinde",IF(B34="600 %10 Gelir ↔ 391 %10",IF(F34>0,"391 %10 fazla: %20 olması gereken matrah %10 gelirde kalmış / çift KDV / mapping hatası olabilir","391 %10 eksik: gelir 391 KDV hesabına eksik aktarılmış olabilir"),IF(B34="600 %20 Gelir ↔ 391 %20",IF(F34>0,"391 %20 fazla: KDV mükerrer veya fazla tahakkuk etmiş olabilir","391 %20 eksik: %20 gelir 391 hesabına eksik aktarılmış olabilir"),IF(B34="610 %10 İade ↔ 191 %10",IF(F34>0,"191 satış iade KDV fazla: iade KDV mükerrer/manuel fazla olabilir","191 satış iade KDV eksik: iade fişi 191 hesabına bağlanmamış olabilir"),IF(B34="610 %20 İade ↔ 191 %20",IF(F34>0,"191 %20 iade KDV fazla olabilir","191 %20 iade KDV eksik olabilir"),IF(B34="602 %20 Ciro/İskonto ↔ 391 İlave",IF(F34>0,"391 ilave KDV fazla: alış iade/ciro primi mapping kontrol","391 ilave KDV eksik: alış iade/ciro primi mapping kontrol"),IF(B34="646 %10 Kur Kârı ↔ 391 İlave",IF(F34>0,"391 ilave KDV fazla: kur farkı KDV oran/hesap eşleşmesi kontrol","391 ilave KDV eksik: kur farkı KDV mapping kontrol"),"Kontrol tanımı dışı")))))))) | I34: KDV1 | J34: 610 satış iadesi fişi ve 191 satıştan iade KDV
A35: =KDV_HESAP_TABANI!A7 | B35: 610 %20 İade ↔ 191 %20 | C35: =KDV_HESAP_TABANI!Q7 | D35: =KDV_HESAP_TABANI!R7 | E35: =KDV_HESAP_TABANI!S7 | F35: =KDV_HESAP_TABANI!T7 | G35: =KDV_HESAP_TABANI!U7 | H35: =IF(G35="HAREKET YOK","Hareket yok",IF(G35="TUTUYOR","Tolerans içinde",IF(B35="600 %10 Gelir ↔ 391 %10",IF(F35>0,"391 %10 fazla: %20 olması gereken matrah %10 gelirde kalmış / çift KDV / mapping hatası olabilir","391 %10 eksik: gelir 391 KDV hesabına eksik aktarılmış olabilir"),IF(B35="600 %20 Gelir ↔ 391 %20",IF(F35>0,"391 %20 fazla: KDV mükerrer veya fazla tahakkuk etmiş olabilir","391 %20 eksik: %20 gelir 391 hesabına eksik aktarılmış olabilir"),IF(B35="610 %10 İade ↔ 191 %10",IF(F35>0,"191 satış iade KDV fazla: iade KDV mükerrer/manuel fazla olabilir","191 satış iade KDV eksik: iade fişi 191 hesabına bağlanmamış olabilir"),IF(B35="610 %20 İade ↔ 191 %20",IF(F35>0,"191 %20 iade KDV fazla olabilir","191 %20 iade KDV eksik olabilir"),IF(B35="602 %20 Ciro/İskonto ↔ 391 İlave",IF(F35>0,"391 ilave KDV fazla: alış iade/ciro primi mapping kontrol","391 ilave KDV eksik: alış iade/ciro primi mapping kontrol"),IF(B35="646 %10 Kur Kârı ↔ 391 İlave",IF(F35>0,"391 ilave KDV fazla: kur farkı KDV oran/hesap eşleşmesi kontrol","391 ilave KDV eksik: kur farkı KDV mapping kontrol"),"Kontrol tanımı dışı")))))))) | I35: KDV1 | J35: 610 %20 satış iadesi fişi ve 191 %20 iade KDV
A36: =KDV_HESAP_TABANI!A7 | B36: 602 %20 Ciro/İskonto ↔ 391 İlave | C36: =KDV_HESAP_TABANI!V7 | D36: =KDV_HESAP_TABANI!W7 | E36: =KDV_HESAP_TABANI!X7 | F36: =KDV_HESAP_TABANI!Y7 | G36: =KDV_HESAP_TABANI!Z7 | H36: =IF(G36="HAREKET YOK","Hareket yok",IF(G36="TUTUYOR","Tolerans içinde",IF(B36="600 %10 Gelir ↔ 391 %10",IF(F36>0,"391 %10 fazla: %20 olması gereken matrah %10 gelirde kalmış / çift KDV / mapping hatası olabilir","391 %10 eksik: gelir 391 KDV hesabına eksik aktarılmış olabilir"),IF(B36="600 %20 Gelir ↔ 391 %20",IF(F36>0,"391 %20 fazla: KDV mükerrer veya fazla tahakkuk etmiş olabilir","391 %20 eksik: %20 gelir 391 hesabına eksik aktarılmış olabilir"),IF(B36="610 %10 İade ↔ 191 %10",IF(F36>0,"191 satış iade KDV fazla: iade KDV mükerrer/manuel fazla olabilir","191 satış iade KDV eksik: iade fişi 191 hesabına bağlanmamış olabilir"),IF(B36="610 %20 İade ↔ 191 %20",IF(F36>0,"191 %20 iade KDV fazla olabilir","191 %20 iade KDV eksik olabilir"),IF(B36="602 %20 Ciro/İskonto ↔ 391 İlave",IF(F36>0,"391 ilave KDV fazla: alış iade/ciro primi mapping kontrol","391 ilave KDV eksik: alış iade/ciro primi mapping kontrol"),IF(B36="646 %10 Kur Kârı ↔ 391 İlave",IF(F36>0,"391 ilave KDV fazla: kur farkı KDV oran/hesap eşleşmesi kontrol","391 ilave KDV eksik: kur farkı KDV mapping kontrol"),"Kontrol tanımı dışı")))))))) | I36: KDV1 | J36: 602 ciro/iskonto geliri ve 391 ilave KDV
A37: =KDV_HESAP_TABANI!A7 | B37: 646 %10 Kur Kârı ↔ 391 İlave | C37: =KDV_HESAP_TABANI!AA7 | D37: =KDV_HESAP_TABANI!AB7 | E37: =KDV_HESAP_TABANI!AC7 | F37: =KDV_HESAP_TABANI!AD7 | G37: =KDV_HESAP_TABANI!AE7 | H37: =IF(G37="HAREKET YOK","Hareket yok",IF(G37="TUTUYOR","Tolerans içinde",IF(B37="600 %10 Gelir ↔ 391 %10",IF(F37>0,"391 %10 fazla: %20 olması gereken matrah %10 gelirde kalmış / çift KDV / mapping hatası olabilir","391 %10 eksik: gelir 391 KDV hesabına eksik aktarılmış olabilir"),IF(B37="600 %20 Gelir ↔ 391 %20",IF(F37>0,"391 %20 fazla: KDV mükerrer veya fazla tahakkuk etmiş olabilir","391 %20 eksik: %20 gelir 391 hesabına eksik aktarılmış olabilir"),IF(B37="610 %10 İade ↔ 191 %10",IF(F37>0,"191 satış iade KDV fazla: iade KDV mükerrer/manuel fazla olabilir","191 satış iade KDV eksik: iade fişi 191 hesabına bağlanmamış olabilir"),IF(B37="610 %20 İade ↔ 191 %20",IF(F37>0,"191 %20 iade KDV fazla olabilir","191 %20 iade KDV eksik olabilir"),IF(B37="602 %20 Ciro/İskonto ↔ 391 İlave",IF(F37>0,"391 ilave KDV fazla: alış iade/ciro primi mapping kontrol","391 ilave KDV eksik: alış iade/ciro primi mapping kontrol"),IF(B37="646 %10 Kur Kârı ↔ 391 İlave",IF(F37>0,"391 ilave KDV fazla: kur farkı KDV oran/hesap eşleşmesi kontrol","391 ilave KDV eksik: kur farkı KDV mapping kontrol"),"Kontrol tanımı dışı")))))))) | I37: KDV1 | J37: 646 kur farkı ve 391 ilave KDV

Sheet KDV_HESAP_TABANI
A1: Şube | B1: 600 %10 Matrah | C1: Beklenen 391 %10 | D1: Mevcut 391 %10 | E1: Fark %10 | F1: Durum %10 | G1: 600 %20 Matrah | H1: Beklenen 391 %20 | I1: Mevcut 391 %20 | J1: Fark %20 | K1: Durum %20 | L1: 610 %10 İade Matrah | M1: Beklenen 191 %10 | N1: Mevcut 191 %10 | O1: Fark İade %10 | P1: Durum İade %10 | Q1: 610 %20 İade Matrah | R1: Beklenen 191 %20 | S1: Mevcut 191 %20 | T1: Fark İade %20 | U1: Durum İade %20 | V1: 602 %20 Matrah | W1: Beklenen 391 İlave %20 | X1: Mevcut 391 İlave %20 | Y1: Fark 602 | Z1: Durum 602 | AA1: 646 %10 Matrah | AB1: Beklenen 391 İlave %10 | AC1: Mevcut 391 İlave %10 | AD1: Fark 646 | AE1: Durum 646 | AF1: 191 İndirilecek %1 | AG1: 191 İndirilecek %10 | AH1: 191 İndirilecek %20 | AI1: 191 Tevkifatlı %20 | AJ1: 391 Alış İade/İlave %1 | AK1: 391 Alış İade/İlave %20 | AL1: 391 İlave %10 | AM1: Toplam 391 | AN1: Toplam 191 | AO1: Net KDV | AP1: Beyan Sonucu | AQ1: Kritik Fark | AR1: Hatalı KDV Nedeni | AS1: Kontrol Edilecek Alan | AT1: Öncelik
A2: ROYAL ADAM EVE | B2: =(SUMIFS('RAW_HESAP_KARTLARI'!$F$2:$F$10000,'RAW_HESAP_KARTLARI'!$A$2:$A$10000,"600.01.01.0001",'RAW_HESAP_KARTLARI'!$D$2:$D$10000,$A2)-SUMIFS('RAW_HESAP_KARTLARI'!$E$2:$E$10000,'RAW_HESAP_KARTLARI'!$A$2:$A$10000,"600.01.01.0001",'RAW_HESAP_KARTLARI'!$D$2:$D$10000,$A2))+(SUMIFS('RAW_HESAP_KARTLARI'!$F$2:$F$10000,'RAW_HESAP_KARTLARI'!$A$2:$A$10000,"600.01.01.0002",'RAW_HESAP_KARTLARI'!$D$2:$D$10000,$A2)-SUMIFS('RAW_HESAP_KARTLARI'!$E$2:$E$10000,'RAW_HESAP_KARTLARI'!$A$2:$A$10000,"600.01.01.0002",'RAW_HESAP_KARTLARI'!$D$2:$D$10000,$A2))+(SUMIFS('RAW_HESAP_KARTLARI'!$F$2:$F$10000,'RAW_HESAP_KARTLARI'!$A$2:$A$10000,"600.01.02.0001",'RAW_HESAP_KARTLARI'!$D$2:$D$10000,$A2)-SUMIFS('RAW_HESAP_KARTLARI'!$E$2:$E$10000,'RAW_HESAP_KARTLARI'!$A$2:$A$10000,"600.01.02.0001",'RAW_HESAP_KARTLARI'!$D$2:$D$10000,$A2))+(SUMIFS('RAW_HESAP_KARTLARI'!$F$2:$F$10000,'RAW_HESAP_KARTLARI'!$A$2:$A$10000,"600.01.02.0002",'RAW_HESAP_KARTLARI'!$D$2:$D$10000,$A2)-SUMIFS('RAW_HESAP_KARTLARI'!$E$2:$E$10000,'RAW_HESAP_KARTLARI'!$A$2:$A$10000,"600.01.02.0002",'RAW_HESAP_KARTLARI'!$D$2:$D$10000,$A2))+(SUMIFS('RAW_HESAP_KARTLARI'!$F$2:$F$10000,'RAW_HESAP_KARTLARI'!$A$2:$A$10000,"600.01.03.0002",'RAW_HESAP_KARTLARI'!$D$2:$D$10000,$A2)-SUMIFS('RAW_HESAP_KARTLARI'!$E$2:$E$10000,'RAW_HESAP_KARTLARI'!$A$2:$A$10000,"600.01.03.0002",'RAW_HESAP_KARTLARI'!$D$2:$D$10000,$A2)) | C2: =ROUND(B2*10%,2) | D2: =(SUMIFS('RAW_HESAP_KARTLARI'!$F$2:$F$10000,'RAW_HESAP_KARTLARI'!$A$2:$A$10000,"391.01.01.0002",'RAW_HESAP_KARTLARI'!$D$2:$D$10000,$A2)-SUMIFS('RAW_HESAP_KARTLARI'!$E$2:$E$10000,'RAW_HESAP_KARTLARI'!$A$2:$A$10000,"391.01.01.0002",'RAW_HESAP_KARTLARI'!$D$2:$D$10000,$A2)) | E2: =ROUND(D2-C2,2) | F2: =IF(ABS(B2)<0.005,"HAREKET YOK",IF(ABS(E2)<=AYARLAR!$B$2,"TUTUYOR",IF(ABS(E2)<=100,"KÜÇÜK FARK","TUTMUYOR"))) | G2: =(SUMIFS('RAW_HESAP_KARTLARI'!$F$2:$F$10000,'RAW_HESAP_KARTLARI'!$A$2:$A$10000,"600.01.02.0003",'RAW_HESAP_KARTLARI'!$D$2:$D$10000,$A2)-SUMIFS('RAW_HESAP_KARTLARI'!$E$2:$E$10000,'RAW_HESAP_KARTLARI'!$A$2:$A$10000,"600.01.02.0003",'RAW_HESAP_KARTLARI'!$D$2:$D$10000,$A2))+(SUMIFS('RAW_HESAP_KARTLARI'!$F$2:$F$10000,'RAW_HESAP_KARTLARI'!$A$2:$A$10000,"600.01.03.0001",'RAW_HESAP_KARTLARI'!$D$2:$D$10000,$A2)-SUMIFS('RAW_HESAP_KARTLARI'!$E$2:$E$10000,'RAW_HESAP_KARTLARI'!$A$2:$A$10000,"600.01.03.0001",'RAW_HESAP_KARTLARI'!$D$2:$D$10000,$A2)) | H2: =ROUND(G2*20%,2) | I2: =(SUMIFS('RAW_HESAP_KARTLARI'!$F$2:$F$10000,'RAW_HESAP_KARTLARI'!$A$2:$A$10000,"391.01.01.0003",'RAW_HESAP_KARTLARI'!$D$2:$D$10000,$A2)-SUMIFS('RAW_HESAP_KARTLARI'!$E$2:$E$10000,'RAW_HESAP_KARTLARI'!$A$2:$A$10000,"391.01.01.0003",'RAW_HESAP_KARTLARI'!$D$2:$D$10000,$A2)) | J2: =ROUND(I2-H2,2) | K2: =IF(ABS(G2)<0.005,"HAREKET YOK",IF(ABS(J2)<=AYARLAR!$B$2,"TUTUYOR",IF(ABS(J2)<=100,"KÜÇÜK FARK","TUTMUYOR"))) | L2: =(SUMIFS('RAW_HESAP_KARTLARI'!$E$2:$E$10000,'RAW_HESAP_KARTLARI'!$A$2:$A$10000,"610.01.01.0001",'RAW_HESAP_KARTLARI'!$D$2:$D$10000,$A2)-SUMIFS('RAW_HESAP_KARTLARI'!$F$2:$F$10000,'RAW_HESAP_KARTLARI'!$A$2:$A$10000,"610.01.01.0001",'RAW_HESAP_KARTLARI'!$D$2:$D$10000,$A2)) | M2: =ROUND(L2*10%,2) | N2: =(SUMIFS('RAW_HESAP_KARTLARI'!$E$2:$E$10000,'RAW_HESAP_KARTLARI'!$A$2:$A$10000,"191.01.02.0002",'RAW_HESAP_KARTLARI'!$D$2:$D$10000,$A2)-SUMIFS('RAW_HESAP_KARTLARI'!$F$2:$F$10000,'RAW_HESAP_KARTLARI'!$A$2:$A$10000,"191.01.02.0002",'RAW_HESAP_KARTLARI'!$D$2:$D$10000,$A2)) | O2: =ROUND(N2-M2,2) | P2: =IF(ABS(L2)<0.005,"HAREKET YOK",IF(ABS(O2)<=AYARLAR!$B$2,"TUTUYOR",IF(ABS(O2)<=100,"KÜÇÜK FARK","TUTMUYOR"))) | Q2: =(SUMIFS('RAW_HESAP_KARTLARI'!$E$2:$E$10000,'RAW_HESAP_KARTLARI'!$A$2:$A$10000,"610.01.01.0002",'RAW_HESAP_KARTLARI'!$D$2:$D$10000,$A2)-SUMIFS('RAW_HESAP_KARTLARI'!$F$2:$F$10000,'RAW_HESAP_KARTLARI'!$A$2:$A$10000,"610.01.01.0002",'RAW_HESAP_KARTLARI'!$D$2:$D$10000,$A2)) | R2: =ROUND(Q2*20%,2) | S2: =(SUMIFS('RAW_HESAP_KARTLARI'!$E$2:$E$10000,'RAW_HESAP_KARTLARI'!$A$2:$A$10000,"191.01.02.0003",'RAW_HESAP_KARTLARI'!$D$2:$D$10000,$A2)-SUMIFS('RAW_HESAP_KARTLARI'!$F$2:$F$10000,'RAW_HESAP_KARTLARI'!$A$2:$A$10000,"191.01.02.0003",'RAW_HESAP_KARTLARI'!$D$2:$D$10000,$A2)) | T2: =ROUND(S2-R2,2) | U2: =IF(ABS(Q2)<0.005,"HAREKET YOK",IF(ABS(T2)<=AYARLAR!$B$2,"TUTUYOR",IF(ABS(T2)<=100,"KÜÇÜK FARK","TUTMUYOR"))) | V2: =(SUMIFS('RAW_HESAP_KARTLARI'!$F$2:$F$10000,'RAW_HESAP_KARTLARI'!$A$2:$A$10000,"602.01.02.0003",'RAW_HESAP_KARTLARI'!$D$2:$D$10000,$A2)-SUMIFS('RAW_HESAP_KARTLARI'!$E$2:$E$10000,'RAW_HESAP_KARTLARI'!$A$2:$A$10000,"602.01.02.0003",'RAW_HESAP_KARTLARI'!$D$2:$D$10000,$A2)) | W2: =ROUND(V2*20%,2) | X2: =(SUMIFS('RAW_HESAP_KARTLARI'!$F$2:$F$10000,'RAW_HESAP_KARTLARI'!$A$2:$A$10000,"391.01.03.0008",'RAW_HESAP_KARTLARI'!$D$2:$D$10000,$A2)-SUMIFS('RAW_HESAP_KARTLARI'!$E$2:$E$10000,'RAW_HESAP_KARTLARI'!$A$2:$A$10000,"391.01.03.0008",'RAW_HESAP_KARTLARI'!$D$2:$D$10000,$A2)) | Y2: =ROUND(X2-W2,2) | Z2: =IF(ABS(V2)<0.005,"HAREKET YOK",IF(ABS(Y2)<=AYARLAR!$B$2,"TUTUYOR",IF(ABS(Y2)<=100,"KÜÇÜK FARK","TUTMUYOR"))) | AA2: =(SUMIFS('RAW_HESAP_KARTLARI'!$F$2:$F$10000,'RAW_HESAP_KARTLARI'!$A$2:$A$10000,"646.01.01.0003",'RAW_HESAP_KARTLARI'!$D$2:$D$10000,$A2)-SUMIFS('RAW_HESAP_KARTLARI'!$E$2:$E$10000,'RAW_HESAP_KARTLARI'!$A$2:$A$10000,"646.01.01.0003",'RAW_HESAP_KARTLARI'!$D$2:$D$10000,$A2)) | AB2: =ROUND(AA2*10%,2) | AC2: =(SUMIFS('RAW_HESAP_KARTLARI'!$F$2:$F$10000,'RAW_HESAP_KARTLARI'!$A$2:$A$10000,"391.01.04.0002",'RAW_HESAP_KARTLARI'!$D$2:$D$10000,$A2)-SUMIFS('RAW_HESAP_KARTLARI'!$E$2:$E$10000,'RAW_HESAP_KARTLARI'!$A$2:$A$10000,"391.01.04.0002",'RAW_HESAP_KARTLARI'!$D$2:$D$10000,$A2)) | AD2: =ROUND(AC2-AB2,2) | AE2: =IF(ABS(AA2)<0.005,"HAREKET YOK",IF(ABS(AD2)<=AYARLAR!$B$2,"TUTUYOR",IF(ABS(AD2)<=100,"KÜÇÜK FARK","TUTMUYOR"))) | AF2: =(SUMIFS('RAW_HESAP_KARTLARI'!$E$2:$E$10000,'RAW_HESAP_KARTLARI'!$A$2:$A$10000,"191.01.01.0001",'RAW_HESAP_KARTLARI'!$D$2:$D$10000,$A2)-SUMIFS('RAW_HESAP_KARTLARI'!$F$2:$F$10000,'RAW_HESAP_KARTLARI'!$A$2:$A$10000,"191.01.01.0001",'RAW_HESAP_KARTLARI'!$D$2:$D$10000,$A2)) | AG2: =(SUMIFS('RAW_HESAP_KARTLARI'!$E$2:$E$10000,'RAW_HESAP_KARTLARI'!$A$2:$A$10000,"191.01.01.0002",'RAW_HESAP_KARTLARI'!$D$2:$D$10000,$A2)-SUMIFS('RAW_HESAP_KARTLARI'!$F$2:$F$10000,'RAW_HESAP_KARTLARI'!$A$2:$A$10000,"191.01.01.0002",'RAW_HESAP_KARTLARI'!$D$2:$D$10000,$A2)) | AH2: =(SUMIFS('RAW_HESAP_KARTLARI'!$E$2:$E$10000,'RAW_HESAP_KARTLARI'!$A$2:$A$10000,"191.01.01.0003",'RAW_HESAP_KARTLARI'!$D$2:$D$10000,$A2)-SUMIFS('RAW_HESAP_KARTLARI'!$F$2:$F$10000,'RAW_HESAP_KARTLARI'!$A$2:$A$10000,"191.01.01.0003",'RAW_HESAP_KARTLARI'!$D$2:$D$10000,$A2)) | AI2: =(SUMIFS('RAW_HESAP_KARTLARI'!$E$2:$E$10000,'RAW_HESAP_KARTLARI'!$A$2:$A$10000,"191.01.01.0006",'RAW_HESAP_KARTLARI'!$D$2:$D$10000,$A2)-SUMIFS('RAW_HESAP_KARTLARI'!$F$2:$F$10000,'RAW_HESAP_KARTLARI'!$A$2:$A$10000,"191.01.01.0006",'RAW_HESAP_KARTLARI'!$D$2:$D$10000,$A2)) | AJ2: =(SUMIFS('RAW_HESAP_KARTLARI'!$F$2:$F$10000,'RAW_HESAP_KARTLARI'!$A$2:$A$10000,"391.01.03.0001",'RAW_HESAP_KARTLARI'!$D$2:$D$10000,$A2)-SUMIFS('RAW_HESAP_KARTLARI'!$E$2:$E$10000,'RAW_HESAP_KARTLARI'!$A$2:$A$10000,"391.01.03.0001",'RAW_HESAP_KARTLARI'!$D$2:$D$10000,$A2)) | AK2: =(SUMIFS('RAW_HESAP_KARTLARI'!$F$2:$F$10000,'RAW_HESAP_KARTLARI'!$A$2:$A$10000,"391.01.03.0003",'RAW_HESAP_KARTLARI'!$D$2:$D$10000,$A2)-SUMIFS('RAW_HESAP_KARTLARI'!$E$2:$E$10000,'RAW_HESAP_KARTLARI'!$A$2:$A$10000,"391.01.03.0003",'RAW_HESAP_KARTLARI'!$D$2:$D$10000,$A2))+(SUMIFS('RAW_HESAP_KARTLARI'!$F$2:$F$10000,'RAW_HESAP_KARTLARI'!$A$2:$A$10000,"391.01.03.0008",'RAW_HESAP_KARTLARI'!$D$2:$D$10000,$A2)-SUMIFS('RAW_HESAP_KARTLARI'!$E$2:$E$10000,'RAW_HESAP_KARTLARI'!$A$2:$A$10000,"391.01.03.0008",'RAW_HESAP_KARTLARI'!$D$2:$D$10000,$A2)) | AL2: =(SUMIFS('RAW_HESAP_KARTLARI'!$F$2:$F$10000,'RAW_HESAP_KARTLARI'!$A$2:$A$10000,"391.01.03.0009",'RAW_HESAP_KARTLARI'!$D$2:$D$10000,$A2)-SUMIFS('RAW_HESAP_KARTLARI'!$E$2:$E$10000,'RAW_HESAP_KARTLARI'!$A$2:$A$10000,"391.01.03.0009",'RAW_HESAP_KARTLARI'!$D$2:$D$10000,$A2))+(SUMIFS('RAW_HESAP_KARTLARI'!$F$2:$F$10000,'RAW_HESAP_KARTLARI'!$A$2:$A$10000,"391.01.04.0002",'RAW_HESAP_KARTLARI'!$D$2:$D$10000,$A2)-SUMIFS('RAW_HESAP_KARTLARI'!$E$2:$E$10000,'RAW_HESAP_KARTLARI'!$A$2:$A$10000,"391.01.04.0002",'RAW_HESAP_KARTLARI'!$D$2:$D$10000,$A2)) | AM2: =ROUND(D2+I2+AJ2+AK2+AL2,2) | AN2: =ROUND(AF2+AG2+AH2+AI2+N2+S2,2) | AO2: =ROUND(AM2-AN2,2) | AP2: =IF(AO2>0,"ÖDENECEK KDV",IF(AO2<0,"DEVREDEN KDV","SIFIR")) | AQ2: =COUNTIF(F2:AE2,"TUTMUYOR")+COUNTIF(F2:AE2,"KÜÇÜK FARK") | AR2: =IF($AQ2=0,"Sorun yok / tolerans içinde",TEXTJOIN(" | ",TRUE,IF(AND($F2<>"TUTUYOR",$F2<>"HAREKET YOK"),"600 %10: "&IF($E2>0,"391 %10 fazla; %20 olması gereken matrah %10 gelirde kalmış, çift KDV veya yanlış mapping olabilir","391 %10 eksik; %10 gelir 391 KDV hesabına eksik yansımış olabilir"),""),IF(AND($K2<>"TUTUYOR",$K2<>"HAREKET YOK"),"600 %20: "&IF($J2>0,"391 %20 fazla; %20 KDV mükerrer/fazla çalışmış olabilir","391 %20 eksik; %20 gelir 391 KDV hesabına eksik yansımış olabilir"),""),IF(AND($P2<>"TUTUYOR",$P2<>"HAREKET YOK"),"610 %10: "&IF($O2>0,"191 satış iade KDV fazla; iade KDV mükerrer/manuel fazla olabilir","191 satış iade KDV eksik; satış iadesi KDV hesabına bağlanmamış olabilir"),""),IF(AND($U2<>"TUTUYOR",$U2<>"HAREKET YOK"),"610 %20: "&IF($T2>0,"191 %20 satış iade KDV fazla olabilir","191 %20 satış iade KDV eksik olabilir"),""),IF(AND($Z2<>"TUTUYOR",$Z2<>"HAREKET YOK"),"602/391: "&IF($Y2>0,"391 ilave KDV fazla; alış iade/ciro primi KDV mapping kontrol edilmeli","391 ilave KDV eksik; alış iade/ciro primi KDV mapping kontrol edilmeli"),""),IF(AND($AE2<>"TUTUYOR",$AE2<>"HAREKET YOK"),"646/391: "&IF($AD2>0,"391 ilave KDV fazla; kur farkı KDV oranı veya hesap eşleşmesi kontrol edilmeli","391 ilave KDV eksik; kur farkı KDV mapping kontrol edilmeli"),""))) | AS2: =IF($AQ2=0,"Fiş düzeltmesi gerekmiyor",TEXTJOIN(" / ",TRUE,IF(AND($F2<>"TUTUYOR",$F2<>"HAREKET YOK"),"600-391 gelir entegrasyonu ve KDV oran mapping", ""),IF(AND($K2<>"TUTUYOR",$K2<>"HAREKET YOK"),"600 %20 gelir ve 391 %20 KDV fişi", ""),IF(AND($P2<>"TUTUYOR",$P2<>"HAREKET YOK"),"610 satış iadesi ve 191 satıştan iade KDV", ""),IF(AND($U2<>"TUTUYOR",$U2<>"HAREKET YOK"),"610 %20 iade ve 191 %20 iade KDV", ""),IF(AND($Z2<>"TUTUYOR",$Z2<>"HAREKET YOK"),"602 ciro/iskonto geliri ve 391 ilave KDV", ""),IF(AND($AE2<>"TUTUYOR",$AE2<>"HAREKET YOK"),"646 kur farkı ve 391 ilave KDV", ""))) | AT2: =IF(COUNTIF($F2:$AE2,"TUTMUYOR")>0,"YÜKSEK",IF(COUNTIF($F2:$AE2,"KÜÇÜK FARK")>0,"ORTA","DÜŞÜK"))
A3: ROYAL ALHAMBRA | B3: =(SUMIFS('RAW_HESAP_KARTLARI'!$F$2:$F$10000,'RAW_HESAP_KARTLARI'!$A$2:$A$10000,"600.01.01.0001",'RAW_HESAP_KARTLARI'!$D$2:$D$10000,$A3)-SUMIFS('RAW_HESAP_KARTLARI'!$E$2:$E$10000,'RAW_HESAP_KARTLARI'!$A$2:$A$10000,"600.01.01.0001",'RAW_HESAP_KARTLARI'!$D$2:$D$10000,$A3))+(SUMIFS('RAW_HESAP_KARTLARI'!$F$2:$F$10000,'RAW_HESAP_KARTLARI'!$A$2:$A$10000,"600.01.01.0002",'RAW_HESAP_KARTLARI'!$D$2:$D$10000,$A3)-SUMIFS('RAW_HESAP_KARTLARI'!$E$2:$E$10000,'RAW_HESAP_KARTLARI'!$A$2:$A$10000,"600.01.01.0002",'RAW_HESAP_KARTLARI'!$D$2:$D$10000,$A3))+(SUMIFS('RAW_HESAP_KARTLARI'!$F$2:$F$10000,'RAW_HESAP_KARTLARI'!$A$2:$A$10000,"600.01.02.0001",'RAW_HESAP_KARTLARI'!$D$2:$D$10000,$A3)-SUMIFS('RAW_HESAP_KARTLARI'!$E$2:$E$10000,'RAW_HESAP_KARTLARI'!$A$2:$A$10000,"600.01.02.0001",'RAW_HESAP_KARTLARI'!$D$2:$D$10000,$A3))+(SUMIFS('RAW_HESAP_KARTLARI'!$F$2:$F$10000,'RAW_HESAP_KARTLARI'!$A$2:$A$10000,"600.01.02.0002",'RAW_HESAP_KARTLARI'!$D$2:$D$10000,$A3)-SUMIFS('RAW_HESAP_KARTLARI'!$E$2:$E$10000,'RAW_HESAP_KARTLARI'!$A$2:$A$10000,"600.01.02.0002",'RAW_HESAP_KARTLARI'!$D$2:$D$10000,$A3))+(SUMIFS('RAW_HESAP_KARTLARI'!$F$2:$F$10000,'RAW_HESAP_KARTLARI'!$A$2:$A$10000,"600.01.03.0002",'RAW_HESAP_KARTLARI'!$D$2:$D$10000,$A3)-SUMIFS('RAW_HESAP_KARTLARI'!$E$2:$E$10000,'RAW_HESAP_KARTLARI'!$A$2:$A$10000,"600.01.03.0002",'RAW_HESAP_KARTLARI'!$D$2:$D$10000,$A3)) | C3: =ROUND(B3*10%,2) | D3: =(SUMIFS('RAW_HESAP_KARTLARI'!$F$2:$F$10000,'RAW_HESAP_KARTLARI'!$A$2:$A$10000,"391.01.01.0002",'RAW_HESAP_KARTLARI'!$D$2:$D$10000,$A3)-SUMIFS('RAW_HESAP_KARTLARI'!$E$2:$E$10000,'RAW_HESAP_KARTLARI'!$A$2:$A$10000,"391.01.01.0002",'RAW_HESAP_KARTLARI'!$D$2:$D$10000,$A3)) | E3: =ROUND(D3-C3,2) | F3: =IF(ABS(B3)<0.005,"HAREKET YOK",IF(ABS(E3)<=AYARLAR!$B$2,"TUTUYOR",IF(ABS(E3)<=100,"KÜÇÜK FARK","TUTMUYOR"))) | G3: =(SUMIFS('RAW_HESAP_KARTLARI'!$F$2:$F$10000,'RAW_HESAP_KARTLARI'!$A$2:$A$10000,"600.01.02.0003",'RAW_HESAP_KARTLARI'!$D$2:$D$10000,$A3)-SUMIFS('RAW_HESAP_KARTLARI'!$E$2:$E$10000,'RAW_HESAP_KARTLARI'!$A$2:$A$10000,"600.01.02.0003",'RAW_HESAP_KARTLARI'!$D$2:$D$10000,$A3))+(SUMIFS('RAW_HESAP_KARTLARI'!$F$2:$F$10000,'RAW_HESAP_KARTLARI'!$A$2:$A$10000,"600.01.03.0001",'RAW_HESAP_KARTLARI'!$D$2:$D$10000,$A3)-SUMIFS('RAW_HESAP_KARTLARI'!$E$2:$E$10000,'RAW_HESAP_KARTLARI'!$A$2:$A$10000,"600.01.03.0001",'RAW_HESAP_KARTLARI'!$D$2:$D$10000,$A3)) | H3: =ROUND(G3*20%,2) | I3: =(SUMIFS('RAW_HESAP_KARTLARI'!$F$2:$F$10000,'RAW_HESAP_KARTLARI'!$A$2:$A$10000,"391.01.01.0003",'RAW_HESAP_KARTLARI'!$D$2:$D$10000,$A3)-SUMIFS('RAW_HESAP_KARTLARI'!$E$2:$E$10000,'RAW_HESAP_KARTLARI'!$A$2:$A$10000,"391.01.01.0003",'RAW_HESAP_KARTLARI'!$D$2:$D$10000,$A3)) | J3: =ROUND(I3-H3,2) | K3: =IF(ABS(G3)<0.005,"HAREKET YOK",IF(ABS(J3)<=AYARLAR!$B$2,"TUTUYOR",IF(ABS(J3)<=100,"KÜÇÜK FARK","TUTMUYOR"))) | L3: =(SUMIFS('RAW_HESAP_KARTLARI'!$E$2:$E$10000,'RAW_HESAP_KARTLARI'!$A$2:$A$10000,"610.01.01.0001",'RAW_HESAP_KARTLARI'!$D$2:$D$10000,$A3)-SUMIFS('RAW_HESAP_KARTLARI'!$F$2:$F$10000,'RAW_HESAP_KARTLARI'!$A$2:$A$10000,"610.01.01.0001",'RAW_HESAP_KARTLARI'!$D$2:$D$10000,$A3)) | M3: =ROUND(L3*10%,2) | N3: =(SUMIFS('RAW_HESAP_KARTLARI'!$E$2:$E$10000,'RAW_HESAP_KARTLARI'!$A$2:$A$10000,"191.01.02.0002",'RAW_HESAP_KARTLARI'!$D$2:$D$10000,$A3)-SUMIFS('RAW_HESAP_KARTLARI'!$F$2:$F$10000,'RAW_HESAP_KARTLARI'!$A$2:$A$10000,"191.01.02.0002",'RAW_HESAP_KARTLARI'!$D$2:$D$10000,$A3)) | O3: =ROUND(N3-M3,2) | P3: =IF(ABS(L3)<0.005,"HAREKET YOK",IF(ABS(O3)<=AYARLAR!$B$2,"TUTUYOR",IF(ABS(O3)<=100,"KÜÇÜK FARK","TUTMUYOR"))) | Q3: =(SUMIFS('RAW_HESAP_KARTLARI'!$E$2:$E$10000,'RAW_HESAP_KARTLARI'!$A$2:$A$10000,"610.01.01.0002",'RAW_HESAP_KARTLARI'!$D$2:$D$10000,$A3)-SUMIFS('RAW_HESAP_KARTLARI'!$F$2:$F$10000,'RAW_HESAP_KARTLARI'!$A$2:$A$10000,"610.01.01.0002",'RAW_HESAP_KARTLARI'!$D$2:$D$10000,$A3)) | R3: =ROUND(Q3*20%,2) | S3: =(SUMIFS('RAW_HESAP_KARTLARI'!$E$2:$E$10000,'RAW_HESAP_KARTLARI'!$A$2:$A$10000,"191.01.02.0003",'RAW_HESAP_KARTLARI'!$D$2:$D$10000,$A3)-SUMIFS('RAW_HESAP_KARTLARI'!$F$2:$F$10000,'RAW_HESAP_KARTLARI'!$A$2:$A$10000,"191.01.02.0003",'RAW_HESAP_KARTLARI'!$D$2:$D$10000,$A3)) | T3: =ROUND(S3-R3,2) | U3: =IF(ABS(Q3)<0.005,"HAREKET YOK",IF(ABS(T3)<=AYARLAR!$B$2,"TUTUYOR",IF(ABS(T3)<=100,"KÜÇÜK FARK","TUTMUYOR"))) | V3: =(SUMIFS('RAW_HESAP_KARTLARI'!$F$2:$F$10000,'RAW_HESAP_KARTLARI'!$A$2:$A$10000,"602.01.02.0003",'RAW_HESAP_KARTLARI'!$D$2:$D$10000,$A3)-SUMIFS('RAW_HESAP_KARTLARI'!$E$2:$E$10000,'RAW_HESAP_KARTLARI'!$A$2:$A$10000,"602.01.02.0003",'RAW_HESAP_KARTLARI'!$D$2:$D$10000,$A3)) | W3: =ROUND(V3*20%,2) | X3: =(SUMIFS('RAW_HESAP_KARTLARI'!$F$2:$F$10000,'RAW_HESAP_KARTLARI'!$A$2:$A$10000,"391.01.03.0008",'RAW_HESAP_KARTLARI'!$D$2:$D$10000,$A3)-SUMIFS('RAW_HESAP_KARTLARI'!$E$2:$E$10000,'RAW_HESAP_KARTLARI'!$A$2:$A$10000,"391.01.03.0008",'RAW_HESAP_KARTLARI'!$D$2:$D$10000,$A3)) | Y3: =ROUND(X3-W3,2) | Z3: =IF(ABS(V3)<0.005,"HAREKET YOK",IF(ABS(Y3)<=AYARLAR!$B$2,"TUTUYOR",IF(ABS(Y3)<=100,"KÜÇÜK FARK","TUTMUYOR"))) | AA3: =(SUMIFS('RAW_HESAP_KARTLARI'!$F$2:$F$10000,'RAW_HESAP_KARTLARI'!$A$2:$A$10000,"646.01.01.0003",'RAW_HESAP_KARTLARI'!$D$2:$D$10000,$A3)-SUMIFS('RAW_HESAP_KARTLARI'!$E$2:$E$10000,'RAW_HESAP_KARTLARI'!$A$2:$A$10000,"646.01.01.0003",'RAW_HESAP_KARTLARI'!$D$2:$D$10000,$A3)) | AB3: =ROUND(AA3*10%,2) | AC3: =(SUMIFS('RAW_HESAP_KARTLARI'!$F$2:$F$10000,'RAW_HESAP_KARTLARI'!$A$2:$A$10000,"391.01.04.0002",'RAW_HESAP_KARTLARI'!$D$2:$D$10000,$A3)-SUMIFS('RAW_HESAP_KARTLARI'!$E$2:$E$10000,'RAW_HESAP_KARTLARI'!$A$2:$A$10000,"391.01.04.0002",'RAW_HESAP_KARTLARI'!$D$2:$D$10000,$A3)) | AD3: =ROUND(AC3-AB3,2) | AE3: =IF(ABS(AA3)<0.005,"HAREKET YOK",IF(ABS(AD3)<=AYARLAR!$B$2,"TUTUYOR",IF(ABS(AD3)<=100,"KÜÇÜK FARK","TUTMUYOR"))) | AF3: =(SUMIFS('RAW_HESAP_KARTLARI'!$E$2:$E$10000,'RAW_HESAP_KARTLARI'!$A$2:$A$10000,"191.01.01.0001",'RAW_HESAP_KARTLARI'!$D$2:$D$10000,$A3)-SUMIFS('RAW_HESAP_KARTLARI'!$F$2:$F$10000,'RAW_HESAP_KARTLARI'!$A$2:$A$10000,"191.01.01.0001",'RAW_HESAP_KARTLARI'!$D$2:$D$10000,$A3)) | AG3: =(SUMIFS('RAW_HESAP_KARTLARI'!$E$2:$E$10000,'RAW_HESAP_KARTLARI'!$A$2:$A$10000,"191.01.01.0002",'RAW_HESAP_KARTLARI'!$D$2:$D$10000,$A3)-SUMIFS('RAW_HESAP_KARTLARI'!$F$2:$F$10000,'RAW_HESAP_KARTLARI'!$A$2:$A$10000,"191.01.01.0002",'RAW_HESAP_KARTLARI'!$D$2:$D$10000,$A3)) | AH3: =(SUMIFS('RAW_HESAP_KARTLARI'!$E$2:$E$10000,'RAW_HESAP_KARTLARI'!$A$2:$A$10000,"191.01.01.0003",'RAW_HESAP_KARTLARI'!$D$2:$D$10000,$A3)-SUMIFS('RAW_HESAP_KARTLARI'!$F$2:$F$10000,'RAW_HESAP_KARTLARI'!$A$2:$A$10000,"191.01.01.0003",'RAW_HESAP_KARTLARI'!$D$2:$D$10000,$A3)) | AI3: =(SUMIFS('RAW_HESAP_KARTLARI'!$E$2:$E$10000,'RAW_HESAP_KARTLARI'!$A$2:$A$10000,"191.01.01.0006",'RAW_HESAP_KARTLARI'!$D$2:$D$10000,$A3)-SUMIFS('RAW_HESAP_KARTLARI'!$F$2:$F$10000,'RAW_HESAP_KARTLARI'!$A$2:$A$10000,"191.01.01.0006",'RAW_HESAP_KARTLARI'!$D$2:$D$10000,$A3)) | AJ3: =(SUMIFS('RAW_HESAP_KARTLARI'!$F$2:$F$10000,'RAW_HESAP_KARTLARI'!$A$2:$A$10000,"391.01.03.0001",'RAW_HESAP_KARTLARI'!$D$2:$D$10000,$A3)-SUMIFS('RAW_HESAP_KARTLARI'!$E$2:$E$10000,'RAW_HESAP_KARTLARI'!$A$2:$A$10000,"391.01.03.0001",'RAW_HESAP_KARTLARI'!$D$2:$D$10000,$A3)) | AK3: =(SUMIFS('RAW_HESAP_KARTLARI'!$F$2:$F$10000,'RAW_HESAP_KARTLARI'!$A$2:$A$10000,"391.01.03.0003",'RAW_HESAP_KARTLARI'!$D$2:$D$10000,$A3)-SUMIFS('RAW_HESAP_KARTLARI'!$E$2:$E$10000,'RAW_HESAP_KARTLARI'!$A$2:$A$10000,"391.01.03.0003",'RAW_HESAP_KARTLARI'!$D$2:$D$10000,$A3))+(SUMIFS('RAW_HESAP_KARTLARI'!$F$2:$F$10000,'RAW_HESAP_KARTLARI'!$A$2:$A$10000,"391.01.03.0008",'RAW_HESAP_KARTLARI'!$D$2:$D$10000,$A3)-SUMIFS('RAW_HESAP_KARTLARI'!$E$2:$E$10000,'RAW_HESAP_KARTLARI'!$A$2:$A$10000,"391.01.03.0008",'RAW_HESAP_KARTLARI'!$D$2:$D$10000,$A3)) | AL3: =(SUMIFS('RAW_HESAP_KARTLARI'!$F$2:$F$10000,'RAW_HESAP_KARTLARI'!$A$2:$A$10000,"391.01.03.0009",'RAW_HESAP_KARTLARI'!$D$2:$D$10000,$A3)-SUMIFS('RAW_HESAP_KARTLARI'!$E$2:$E$10000,'RAW_HESAP_KARTLARI'!$A$2:$A$10000,"391.01.03.0009",'RAW_HESAP_KARTLARI'!$D$2:$D$10000,$A3))+(SUMIFS('RAW_HESAP_KARTLARI'!$F$2:$F$10000,'RAW_HESAP_KARTLARI'!$A$2:$A$10000,"391.01.04.0002",'RAW_HESAP_KARTLARI'!$D$2:$D$10000,$A3)-SUMIFS('RAW_HESAP_KARTLARI'!$E$2:$E$10000,'RAW_HESAP_KARTLARI'!$A$2:$A$10000,"391.01.04.0002",'RAW_HESAP_KARTLARI'!$D$2:$D$10000,$A3)) | AM3: =ROUND(D3+I3+AJ3+AK3+AL3,2) | AN3: =ROUND(AF3+AG3+AH3+AI3+N3+S3,2) | AO3: =ROUND(AM3-AN3,2) | AP3: =IF(AO3>0,"ÖDENECEK KDV",IF(AO3<0,"DEVREDEN KDV","SIFIR")) | AQ3: =COUNTIF(F3:AE3,"TUTMUYOR")+COUNTIF(F3:AE3,"KÜÇÜK FARK") | AR3: =IF($AQ3=0,"Sorun yok / tolerans içinde",TEXTJOIN(" | ",TRUE,IF(AND($F3<>"TUTUYOR",$F3<>"HAREKET YOK"),"600 %10: "&IF($E3>0,"391 %10 fazla; %20 olması gereken matrah %10 gelirde kalmış, çift KDV veya yanlış mapping olabilir","391 %10 eksik; %10 gelir 391 KDV hesabına eksik yansımış olabilir"),""),IF(AND($K3<>"TUTUYOR",$K3<>"HAREKET YOK"),"600 %20: "&IF($J3>0,"391 %20 fazla; %20 KDV mükerrer/fazla çalışmış olabilir","391 %20 eksik; %20 gelir 391 KDV hesabına eksik yansımış olabilir"),""),IF(AND($P3<>"TUTUYOR",$P3<>"HAREKET YOK"),"610 %10: "&IF($O3>0,"191 satış iade KDV fazla; iade KDV mükerrer/manuel fazla olabilir","191 satış iade KDV eksik; satış iadesi KDV hesabına bağlanmamış olabilir"),""),IF(AND($U3<>"TUTUYOR",$U3<>"HAREKET YOK"),"610 %20: "&IF($T3>0,"191 %20 satış iade KDV fazla olabilir","191 %20 satış iade KDV eksik olabilir"),""),IF(AND($Z3<>"TUTUYOR",$Z3<>"HAREKET YOK"),"602/391: "&IF($Y3>0,"391 ilave KDV fazla; alış iade/ciro primi KDV mapping kontrol edilmeli","391 ilave KDV eksik; alış iade/ciro primi KDV mapping kontrol edilmeli"),""),IF(AND($AE3<>"TUTUYOR",$AE3<>"HAREKET YOK"),"646/391: "&IF($AD3>0,"391 ilave KDV fazla; kur farkı KDV oranı veya hesap eşleşmesi kontrol edilmeli","391 ilave KDV eksik; kur farkı KDV mapping kontrol edilmeli"),""))) | AS3: =IF($AQ3=0,"Fiş düzeltmesi gerekmiyor",TEXTJOIN(" / ",TRUE,IF(AND($F3<>"TUTUYOR",$F3<>"HAREKET YOK"),"600-391 gelir entegrasyonu ve KDV oran mapping", ""),IF(AND($K3<>"TUTUYOR",$K3<>"HAREKET YOK"),"600 %20 gelir ve 391 %20 KDV fişi", ""),IF(AND($P3<>"TUTUYOR",$P3<>"HAREKET YOK"),"610 satış iadesi ve 191 satıştan iade KDV", ""),IF(AND($U3<>"TUTUYOR",$U3<>"HAREKET YOK"),"610 %20 iade ve 191 %20 iade KDV", ""),IF(AND($Z3<>"TUTUYOR",$Z3<>"HAREKET YOK"),"602 ciro/iskonto geliri ve 391 ilave KDV", ""),IF(AND($AE3<>"TUTUYOR",$AE3<>"HAREKET YOK"),"646 kur farkı ve 391 ilave KDV", ""))) | AT3: =IF(COUNTIF($F3:$AE3,"TUTMUYOR")>0,"YÜKSEK",IF(COUNTIF($F3:$AE3,"KÜÇÜK FARK")>0,"ORTA","DÜŞÜK"))
A4: ROYAL DRAGON | B4: =(SUMIFS('RAW_HESAP_KARTLARI'!$F$2:$F$10000,'RAW_HESAP_KARTLARI'!$A$2:$A$10000,"600.01.01.0001",'RAW_HESAP_KARTLARI'!$D$2:$D$10000,$A4)-SUMIFS('RAW_HESAP_KARTLARI'!$E$2:$E$10000,'RAW_HESAP_KARTLARI'!$A$2:$A$10000,"600.01.01.0001",'RAW_HESAP_KARTLARI'!$D$2:$D$10000,$A4))+(SUMIFS('RAW_HESAP_KARTLARI'!$F$2:$F$10000,'RAW_HESAP_KARTLARI'!$A$2:$A$10000,"600.01.01.0002",'RAW_HESAP_KARTLARI'!$D$2:$D$10000,$A4)-SUMIFS('RAW_HESAP_KARTLARI'!$E$2:$E$10000,'RAW_HESAP_KARTLARI'!$A$2:$A$10000,"600.01.01.0002",'RAW_HESAP_KARTLARI'!$D$2:$D$10000,$A4))+(SUMIFS('RAW_HESAP_KARTLARI'!$F$2:$F$10000,'RAW_HESAP_KARTLARI'!$A$2:$A$10000,"600.01.02.0001",'RAW_HESAP_KARTLARI'!$D$2:$D$10000,$A4)-SUMIFS('RAW_HESAP_KARTLARI'!$E$2:$E$10000,'RAW_HESAP_KARTLARI'!$A$2:$A$10000,"600.01.02.0001",'RAW_HESAP_KARTLARI'!$D$2:$D$10000,$A4))+(SUMIFS('RAW_HESAP_KARTLARI'!$F$2:$F$10000,'RAW_HESAP_KARTLARI'!$A$2:$A$10000,"600.01.02.0002",'RAW_HESAP_KARTLARI'!$D$2:$D$10000,$A4)-SUMIFS('RAW_HESAP_KARTLARI'!$E$2:$E$10000,'RAW_HESAP_KARTLARI'!$A$2:$A$10000,"600.01.02.0002",'RAW_HESAP_KARTLARI'!$D$2:$D$10000,$A4))+(SUMIFS('RAW_HESAP_KARTLARI'!$F$2:$F$10000,'RAW_HESAP_KARTLARI'!$A$2:$A$10000,"600.01.03.0002",'RAW_HESAP_KARTLARI'!$D$2:$D$10000,$A4)-SUMIFS('RAW_HESAP_KARTLARI'!$E$2:$E$10000,'RAW_HESAP_KARTLARI'!$A$2:$A$10000,"600.01.03.0002",'RAW_HESAP_KARTLARI'!$D$2:$D$10000,$A4)) | C4: =ROUND(B4*10%,2) | D4: =(SUMIFS('RAW_HESAP_KARTLARI'!$F$2:$F$10000,'RAW_HESAP_KARTLARI'!$A$2:$A$10000,"391.01.01.0002",'RAW_HESAP_KARTLARI'!$D$2:$D$10000,$A4)-SUMIFS('RAW_HESAP_KARTLARI'!$E$2:$E$10000,'RAW_HESAP_KARTLARI'!$A$2:$A$10000,"391.01.01.0002",'RAW_HESAP_KARTLARI'!$D$2:$D$10000,$A4)) | E4: =ROUND(D4-C4,2) | F4: =IF(ABS(B4)<0.005,"HAREKET YOK",IF(ABS(E4)<=AYARLAR!$B$2,"TUTUYOR",IF(ABS(E4)<=100,"KÜÇÜK FARK","TUTMUYOR"))) | G4: =(SUMIFS('RAW_HESAP_KARTLARI'!$F$2:$F$10000,'RAW_HESAP_KARTLARI'!$A$2:$A$10000,"600.01.02.0003",'RAW_HESAP_KARTLARI'!$D$2:$D$10000,$A4)-SUMIFS('RAW_HESAP_KARTLARI'!$E$2:$E$10000,'RAW_HESAP_KARTLARI'!$A$2:$A$10000,"600.01.02.0003",'RAW_HESAP_KARTLARI'!$D$2:$D$10000,$A4))+(SUMIFS('RAW_HESAP_KARTLARI'!$F$2:$F$10000,'RAW_HESAP_KARTLARI'!$A$2:$A$10000,"600.01.03.0001",'RAW_HESAP_KARTLARI'!$D$2:$D$10000,$A4)-SUMIFS('RAW_HESAP_KARTLARI'!$E$2:$E$10000,'RAW_HESAP_KARTLARI'!$A$2:$A$10000,"600.01.03.0001",'RAW_HESAP_KARTLARI'!$D$2:$D$10000,$A4)) | H4: =ROUND(G4*20%,2) | I4: =(SUMIFS('RAW_HESAP_KARTLARI'!$F$2:$F$10000,'RAW_HESAP_KARTLARI'!$A$2:$A$10000,"391.01.01.0003",'RAW_HESAP_KARTLARI'!$D$2:$D$10000,$A4)-SUMIFS('RAW_HESAP_KARTLARI'!$E$2:$E$10000,'RAW_HESAP_KARTLARI'!$A$2:$A$10000,"391.01.01.0003",'RAW_HESAP_KARTLARI'!$D$2:$D$10000,$A4)) | J4: =ROUND(I4-H4,2) | K4: =IF(ABS(G4)<0.005,"HAREKET YOK",IF(ABS(J4)<=AYARLAR!$B$2,"TUTUYOR",IF(ABS(J4)<=100,"KÜÇÜK FARK","TUTMUYOR"))) | L4: =(SUMIFS('RAW_HESAP_KARTLARI'!$E$2:$E$10000,'RAW_HESAP_KARTLARI'!$A$2:$A$10000,"610.01.01.0001",'RAW_HESAP_KARTLARI'!$D$2:$D$10000,$A4)-SUMIFS('RAW_HESAP_KARTLARI'!$F$2:$F$10000,'RAW_HESAP_KARTLARI'!$A$2:$A$10000,"610.01.01.0001",'RAW_HESAP_KARTLARI'!$D$2:$D$10000,$A4)) | M4: =ROUND(L4*10%,2) | N4: =(SUMIFS('RAW_HESAP_KARTLARI'!$E$2:$E$10000,'RAW_HESAP_KARTLARI'!$A$2:$A$10000,"191.01.02.0002",'RAW_HESAP_KARTLARI'!$D$2:$D$10000,$A4)-SUMIFS('RAW_HESAP_KARTLARI'!$F$2:$F$10000,'RAW_HESAP_KARTLARI'!$A$2:$A$10000,"191.01.02.0002",'RAW_HESAP_KARTLARI'!$D$2:$D$10000,$A4)) | O4: =ROUND(N4-M4,2) | P4: =IF(ABS(L4)<0.005,"HAREKET YOK",IF(ABS(O4)<=AYARLAR!$B$2,"TUTUYOR",IF(ABS(O4)<=100,"KÜÇÜK FARK","TUTMUYOR"))) | Q4: =(SUMIFS('RAW_HESAP_KARTLARI'!$E$2:$E$10000,'RAW_HESAP_KARTLARI'!$A$2:$A$10000,"610.01.01.0002",'RAW_HESAP_KARTLARI'!$D$2:$D$10000,$A4)-SUMIFS('RAW_HESAP_KARTLARI'!$F$2:$F$10000,'RAW_HESAP_KARTLARI'!$A$2:$A$10000,"610.01.01.0002",'RAW_HESAP_KARTLARI'!$D$2:$D$10000,$A4)) | R4: =ROUND(Q4*20%,2) | S4: =(SUMIFS('RAW_HESAP_KARTLARI'!$E$2:$E$10000,'RAW_HESAP_KARTLARI'!$A$2:$A$10000,"191.01.02.0003",'RAW_HESAP_KARTLARI'!$D$2:$D$10000,$A4)-SUMIFS('RAW_HESAP_KARTLARI'!$F$2:$F$10000,'RAW_HESAP_KARTLARI'!$A$2:$A$10000,"191.01.02.0003",'RAW_HESAP_KARTLARI'!$D$2:$D$10000,$A4)) | T4: =ROUND(S4-R4,2) | U4: =IF(ABS(Q4)<0.005,"HAREKET YOK",IF(ABS(T4)<=AYARLAR!$B$2,"TUTUYOR",IF(ABS(T4)<=100,"KÜÇÜK FARK","TUTMUYOR"))) | V4: =(SUMIFS('RAW_HESAP_KARTLARI'!$F$2:$F$10000,'RAW_HESAP_KARTLARI'!$A$2:$A$10000,"602.01.02.0003",'RAW_HESAP_KARTLARI'!$D$2:$D$10000,$A4)-SUMIFS('RAW_HESAP_KARTLARI'!$E$2:$E$10000,'RAW_HESAP_KARTLARI'!$A$2:$A$10000,"602.01.02.0003",'RAW_HESAP_KARTLARI'!$D$2:$D$10000,$A4)) | W4: =ROUND(V4*20%,2) | X4: =(SUMIFS('RAW_HESAP_KARTLARI'!$F$2:$F$10000,'RAW_HESAP_KARTLARI'!$A$2:$A$10000,"391.01.03.0008",'RAW_HESAP_KARTLARI'!$D$2:$D$10000,$A4)-SUMIFS('RAW_HESAP_KARTLARI'!$E$2:$E$10000,'RAW_HESAP_KARTLARI'!$A$2:$A$10000,"391.01.03.0008",'RAW_HESAP_KARTLARI'!$D$2:$D$10000,$A4)) | Y4: =ROUND(X4-W4,2) | Z4: =IF(ABS(V4)<0.005,"HAREKET YOK",IF(ABS(Y4)<=AYARLAR!$B$2,"TUTUYOR",IF(ABS(Y4)<=100,"KÜÇÜK FARK","TUTMUYOR"))) | AA4: =(SUMIFS('RAW_HESAP_KARTLARI'!$F$2:$F$10000,'RAW_HESAP_KARTLARI'!$A$2:$A$10000,"646.01.01.0003",'RAW_HESAP_KARTLARI'!$D$2:$D$10000,$A4)-SUMIFS('RAW_HESAP_KARTLARI'!$E$2:$E$10000,'RAW_HESAP_KARTLARI'!$A$2:$A$10000,"646.01.01.0003",'RAW_HESAP_KARTLARI'!$D$2:$D$10000,$A4)) | AB4: =ROUND(AA4*10%,2) | AC4: =(SUMIFS('RAW_HESAP_KARTLARI'!$F$2:$F$10000,'RAW_HESAP_KARTLARI'!$A$2:$A$10000,"391.01.04.0002",'RAW_HESAP_KARTLARI'!$D$2:$D$10000,$A4)-SUMIFS('RAW_HESAP_KARTLARI'!$E$2:$E$10000,'RAW_HESAP_KARTLARI'!$A$2:$A$10000,"391.01.04.0002",'RAW_HESAP_KARTLARI'!$D$2:$D$10000,$A4)) | AD4: =ROUND(AC4-AB4,2) | AE4: =IF(ABS(AA4)<0.005,"HAREKET YOK",IF(ABS(AD4)<=AYARLAR!$B$2,"TUTUYOR",IF(ABS(AD4)<=100,"KÜÇÜK FARK","TUTMUYOR"))) | AF4: =(SUMIFS('RAW_HESAP_KARTLARI'!$E$2:$E$10000,'RAW_HESAP_KARTLARI'!$A$2:$A$10000,"191.01.01.0001",'RAW_HESAP_KARTLARI'!$D$2:$D$10000,$A4)-SUMIFS('RAW_HESAP_KARTLARI'!$F$2:$F$10000,'RAW_HESAP_KARTLARI'!$A$2:$A$10000,"191.01.01.0001",'RAW_HESAP_KARTLARI'!$D$2:$D$10000,$A4)) | AG4: =(SUMIFS('RAW_HESAP_KARTLARI'!$E$2:$E$10000,'RAW_HESAP_KARTLARI'!$A$2:$A$10000,"191.01.01.0002",'RAW_HESAP_KARTLARI'!$D$2:$D$10000,$A4)-SUMIFS('RAW_HESAP_KARTLARI'!$F$2:$F$10000,'RAW_HESAP_KARTLARI'!$A$2:$A$10000,"191.01.01.0002",'RAW_HESAP_KARTLARI'!$D$2:$D$10000,$A4)) | AH4: =(SUMIFS('RAW_HESAP_KARTLARI'!$E$2:$E$10000,'RAW_HESAP_KARTLARI'!$A$2:$A$10000,"191.01.01.0003",'RAW_HESAP_KARTLARI'!$D$2:$D$10000,$A4)-SUMIFS('RAW_HESAP_KARTLARI'!$F$2:$F$10000,'RAW_HESAP_KARTLARI'!$A$2:$A$10000,"191.01.01.0003",'RAW_HESAP_KARTLARI'!$D$2:$D$10000,$A4)) | AI4: =(SUMIFS('RAW_HESAP_KARTLARI'!$E$2:$E$10000,'RAW_HESAP_KARTLARI'!$A$2:$A$10000,"191.01.01.0006",'RAW_HESAP_KARTLARI'!$D$2:$D$10000,$A4)-SUMIFS('RAW_HESAP_KARTLARI'!$F$2:$F$10000,'RAW_HESAP_KARTLARI'!$A$2:$A$10000,"191.01.01.0006",'RAW_HESAP_KARTLARI'!$D$2:$D$10000,$A4)) | AJ4: =(SUMIFS('RAW_HESAP_KARTLARI'!$F$2:$F$10000,'RAW_HESAP_KARTLARI'!$A$2:$A$10000,"391.01.03.0001",'RAW_HESAP_KARTLARI'!$D$2:$D$10000,$A4)-SUMIFS('RAW_HESAP_KARTLARI'!$E$2:$E$10000,'RAW_HESAP_KARTLARI'!$A$2:$A$10000,"391.01.03.0001",'RAW_HESAP_KARTLARI'!$D$2:$D$10000,$A4)) | AK4: =(SUMIFS('RAW_HESAP_KARTLARI'!$F$2:$F$10000,'RAW_HESAP_KARTLARI'!$A$2:$A$10000,"391.01.03.0003",'RAW_HESAP_KARTLARI'!$D$2:$D$10000,$A4)-SUMIFS('RAW_HESAP_KARTLARI'!$E$2:$E$10000,'RAW_HESAP_KARTLARI'!$A$2:$A$10000,"391.01.03.0003",'RAW_HESAP_KARTLARI'!$D$2:$D$10000,$A4))+(SUMIFS('RAW_HESAP_KARTLARI'!$F$2:$F$10000,'RAW_HESAP_KARTLARI'!$A$2:$A$10000,"391.01.03.0008",'RAW_HESAP_KARTLARI'!$D$2:$D$10000,$A4)-SUMIFS('RAW_HESAP_KARTLARI'!$E$2:$E$10000,'RAW_HESAP_KARTLARI'!$A$2:$A$10000,"391.01.03.0008",'RAW_HESAP_KARTLARI'!$D$2:$D$10000,$A4)) | AL4: =(SUMIFS('RAW_HESAP_KARTLARI'!$F$2:$F$10000,'RAW_HESAP_KARTLARI'!$A$2:$A$10000,"391.01.03.0009",'RAW_HESAP_KARTLARI'!$D$2:$D$10000,$A4)-SUMIFS('RAW_HESAP_KARTLARI'!$E$2:$E$10000,'RAW_HESAP_KARTLARI'!$A$2:$A$10000,"391.01.03.0009",'RAW_HESAP_KARTLARI'!$D$2:$D$10000,$A4))+(SUMIFS('RAW_HESAP_KARTLARI'!$F$2:$F$10000,'RAW_HESAP_KARTLARI'!$A$2:$A$10000,"391.01.04.0002",'RAW_HESAP_KARTLARI'!$D$2:$D$10000,$A4)-SUMIFS('RAW_HESAP_KARTLARI'!$E$2:$E$10000,'RAW_HESAP_KARTLARI'!$A$2:$A$10000,"391.01.04.0002",'RAW_HESAP_KARTLARI'!$D$2:$D$10000,$A4)) | AM4: =ROUND(D4+I4+AJ4+AK4+AL4,2) | AN4: =ROUND(AF4+AG4+AH4+AI4+N4+S4,2) | AO4: =ROUND(AM4-AN4,2) | AP4: =IF(AO4>0,"ÖDENECEK KDV",IF(AO4<0,"DEVREDEN KDV","SIFIR")) | AQ4: =COUNTIF(F4:AE4,"TUTMUYOR")+COUNTIF(F4:AE4,"KÜÇÜK FARK") | AR4: =IF($AQ4=0,"Sorun yok / tolerans içinde",TEXTJOIN(" | ",TRUE,IF(AND($F4<>"TUTUYOR",$F4<>"HAREKET YOK"),"600 %10: "&IF($E4>0,"391 %10 fazla; %20 olması gereken matrah %10 gelirde kalmış, çift KDV veya yanlış mapping olabilir","391 %10 eksik; %10 gelir 391 KDV hesabına eksik yansımış olabilir"),""),IF(AND($K4<>"TUTUYOR",$K4<>"HAREKET YOK"),"600 %20: "&IF($J4>0,"391 %20 fazla; %20 KDV mükerrer/fazla çalışmış olabilir","391 %20 eksik; %20 gelir 391 KDV hesabına eksik yansımış olabilir"),""),IF(AND($P4<>"TUTUYOR",$P4<>"HAREKET YOK"),"610 %10: "&IF($O4>0,"191 satış iade KDV fazla; iade KDV mükerrer/manuel fazla olabilir","191 satış iade KDV eksik; satış iadesi KDV hesabına bağlanmamış olabilir"),""),IF(AND($U4<>"TUTUYOR",$U4<>"HAREKET YOK"),"610 %20: "&IF($T4>0,"191 %20 satış iade KDV fazla olabilir","191 %20 satış iade KDV eksik olabilir"),""),IF(AND($Z4<>"TUTUYOR",$Z4<>"HAREKET YOK"),"602/391: "&IF($Y4>0,"391 ilave KDV fazla; alış iade/ciro primi KDV mapping kontrol edilmeli","391 ilave KDV eksik; alış iade/ciro primi KDV mapping kontrol edilmeli"),""),IF(AND($AE4<>"TUTUYOR",$AE4<>"HAREKET YOK"),"646/391: "&IF($AD4>0,"391 ilave KDV fazla; kur farkı KDV oranı veya hesap eşleşmesi kontrol edilmeli","391 ilave KDV eksik; kur farkı KDV mapping kontrol edilmeli"),""))) | AS4: =IF($AQ4=0,"Fiş düzeltmesi gerekmiyor",TEXTJOIN(" / ",TRUE,IF(AND($F4<>"TUTUYOR",$F4<>"HAREKET YOK"),"600-391 gelir entegrasyonu ve KDV oran mapping", ""),IF(AND($K4<>"TUTUYOR",$K4<>"HAREKET YOK"),"600 %20 gelir ve 391 %20 KDV fişi", ""),IF(AND($P4<>"TUTUYOR",$P4<>"HAREKET YOK"),"610 satış iadesi ve 191 satıştan iade KDV", ""),IF(AND($U4<>"TUTUYOR",$U4<>"HAREKET YOK"),"610 %20 iade ve 191 %20 iade KDV", ""),IF(AND($Z4<>"TUTUYOR",$Z4<>"HAREKET YOK"),"602 ciro/iskonto geliri ve 391 ilave KDV", ""),IF(AND($AE4<>"TUTUYOR",$AE4<>"HAREKET YOK"),"646 kur farkı ve 391 ilave KDV", ""))) | AT4: =IF(COUNTIF($F4:$AE4,"TUTMUYOR")>0,"YÜKSEK",IF(COUNTIF($F4:$AE4,"KÜÇÜK FARK")>0,"ORTA","DÜŞÜK"))
A5: ROYAL HOLIDAY | B5: =(SUMIFS('RAW_HESAP_KARTLARI'!$F$2:$F$10000,'RAW_HESAP_KARTLARI'!$A$2:$A$10000,"600.01.01.0001",'RAW_HESAP_KARTLARI'!$D$2:$D$10000,$A5)-SUMIFS('RAW_HESAP_KARTLARI'!$E$2:$E$10000,'RAW_HESAP_KARTLARI'!$A$2:$A$10000,"600.01.01.0001",'RAW_HESAP_KARTLARI'!$D$2:$D$10000,$A5))+(SUMIFS('RAW_HESAP_KARTLARI'!$F$2:$F$10000,'RAW_HESAP_KARTLARI'!$A$2:$A$10000,"600.01.01.0002",'RAW_HESAP_KARTLARI'!$D$2:$D$10000,$A5)-SUMIFS('RAW_HESAP_KARTLARI'!$E$2:$E$10000,'RAW_HESAP_KARTLARI'!$A$2:$A$10000,"600.01.01.0002",'RAW_HESAP_KARTLARI'!$D$2:$D$10000,$A5))+(SUMIFS('RAW_HESAP_KARTLARI'!$F$2:$F$10000,'RAW_HESAP_KARTLARI'!$A$2:$A$10000,"600.01.02.0001",'RAW_HESAP_KARTLARI'!$D$2:$D$10000,$A5)-SUMIFS('RAW_HESAP_KARTLARI'!$E$2:$E$10000,'RAW_HESAP_KARTLARI'!$A$2:$A$10000,"600.01.02.0001",'RAW_HESAP_KARTLARI'!$D$2:$D$10000,$A5))+(SUMIFS('RAW_HESAP_KARTLARI'!$F$2:$F$10000,'RAW_HESAP_KARTLARI'!$A$2:$A$10000,"600.01.02.0002",'RAW_HESAP_KARTLARI'!$D$2:$D$10000,$A5)-SUMIFS('RAW_HESAP_KARTLARI'!$E$2:$E$10000,'RAW_HESAP_KARTLARI'!$A$2:$A$10000,"600.01.02.0002",'RAW_HESAP_KARTLARI'!$D$2:$D$10000,$A5))+(SUMIFS('RAW_HESAP_KARTLARI'!$F$2:$F$10000,'RAW_HESAP_KARTLARI'!$A$2:$A$10000,"600.01.03.0002",'RAW_HESAP_KARTLARI'!$D$2:$D$10000,$A5)-SUMIFS('RAW_HESAP_KARTLARI'!$E$2:$E$10000,'RAW_HESAP_KARTLARI'!$A$2:$A$10000,"600.01.03.0002",'RAW_HESAP_KARTLARI'!$D$2:$D$10000,$A5)) | C5: =ROUND(B5*10%,2) | D5: =(SUMIFS('RAW_HESAP_KARTLARI'!$F$2:$F$10000,'RAW_HESAP_KARTLARI'!$A$2:$A$10000,"391.01.01.0002",'RAW_HESAP_KARTLARI'!$D$2:$D$10000,$A5)-SUMIFS('RAW_HESAP_KARTLARI'!$E$2:$E$10000,'RAW_HESAP_KARTLARI'!$A$2:$A$10000,"391.01.01.0002",'RAW_HESAP_KARTLARI'!$D$2:$D$10000,$A5)) | E5: =ROUND(D5-C5,2) | F5: =IF(ABS(B5)<0.005,"HAREKET YOK",IF(ABS(E5)<=AYARLAR!$B$2,"TUTUYOR",IF(ABS(E5)<=100,"KÜÇÜK FARK","TUTMUYOR"))) | G5: =(SUMIFS('RAW_HESAP_KARTLARI'!$F$2:$F$10000,'RAW_HESAP_KARTLARI'!$A$2:$A$10000,"600.01.02.0003",'RAW_HESAP_KARTLARI'!$D$2:$D$10000,$A5)-SUMIFS('RAW_HESAP_KARTLARI'!$E$2:$E$10000,'RAW_HESAP_KARTLARI'!$A$2:$A$10000,"600.01.02.0003",'RAW_HESAP_KARTLARI'!$D$2:$D$10000,$A5))+(SUMIFS('RAW_HESAP_KARTLARI'!$F$2:$F$10000,'RAW_HESAP_KARTLARI'!$A$2:$A$10000,"600.01.03.0001",'RAW_HESAP_KARTLARI'!$D$2:$D$10000,$A5)-SUMIFS('RAW_HESAP_KARTLARI'!$E$2:$E$10000,'RAW_HESAP_KARTLARI'!$A$2:$A$10000,"600.01.03.0001",'RAW_HESAP_KARTLARI'!$D$2:$D$10000,$A5)) | H5: =ROUND(G5*20%,2) | I5: =(SUMIFS('RAW_HESAP_KARTLARI'!$F$2:$F$10000,'RAW_HESAP_KARTLARI'!$A$2:$A$10000,"391.01.01.0003",'RAW_HESAP_KARTLARI'!$D$2:$D$10000,$A5)-SUMIFS('RAW_HESAP_KARTLARI'!$E$2:$E$10000,'RAW_HESAP_KARTLARI'!$A$2:$A$10000,"391.01.01.0003",'RAW_HESAP_KARTLARI'!$D$2:$D$10000,$A5)) | J5: =ROUND(I5-H5,2) | K5: =IF(ABS(G5)<0.005,"HAREKET YOK",IF(ABS(J5)<=AYARLAR!$B$2,"TUTUYOR",IF(ABS(J5)<=100,"KÜÇÜK FARK","TUTMUYOR"))) | L5: =(SUMIFS('RAW_HESAP_KARTLARI'!$E$2:$E$10000,'RAW_HESAP_KARTLARI'!$A$2:$A$10000,"610.01.01.0001",'RAW_HESAP_KARTLARI'!$D$2:$D$10000,$A5)-SUMIFS('RAW_HESAP_KARTLARI'!$F$2:$F$10000,'RAW_HESAP_KARTLARI'!$A$2:$A$10000,"610.01.01.0001",'RAW_HESAP_KARTLARI'!$D$2:$D$10000,$A5)) | M5: =ROUND(L5*10%,2) | N5: =(SUMIFS('RAW_HESAP_KARTLARI'!$E$2:$E$10000,'RAW_HESAP_KARTLARI'!$A$2:$A$10000,"191.01.02.0002",'RAW_HESAP_KARTLARI'!$D$2:$D$10000,$A5)-SUMIFS('RAW_HESAP_KARTLARI'!$F$2:$F$10000,'RAW_HESAP_KARTLARI'!$A$2:$A$10000,"191.01.02.0002",'RAW_HESAP_KARTLARI'!$D$2:$D$10000,$A5)) | O5: =ROUND(N5-M5,2) | P5: =IF(ABS(L5)<0.005,"HAREKET YOK",IF(ABS(O5)<=AYARLAR!$B$2,"TUTUYOR",IF(ABS(O5)<=100,"KÜÇÜK FARK","TUTMUYOR"))) | Q5: =(SUMIFS('RAW_HESAP_KARTLARI'!$E$2:$E$10000,'RAW_HESAP_KARTLARI'!$A$2:$A$10000,"610.01.01.0002",'RAW_HESAP_KARTLARI'!$D$2:$D$10000,$A5)-SUMIFS('RAW_HESAP_KARTLARI'!$F$2:$F$10000,'RAW_HESAP_KARTLARI'!$A$2:$A$10000,"610.01.01.0002",'RAW_HESAP_KARTLARI'!$D$2:$D$10000,$A5)) | R5: =ROUND(Q5*20%,2) | S5: =(SUMIFS('RAW_HESAP_KARTLARI'!$E$2:$E$10000,'RAW_HESAP_KARTLARI'!$A$2:$A$10000,"191.01.02.0003",'RAW_HESAP_KARTLARI'!$D$2:$D$10000,$A5)-SUMIFS('RAW_HESAP_KARTLARI'!$F$2:$F$10000,'RAW_HESAP_KARTLARI'!$A$2:$A$10000,"191.01.02.0003",'RAW_HESAP_KARTLARI'!$D$2:$D$10000,$A5)) | T5: =ROUND(S5-R5,2) | U5: =IF(ABS(Q5)<0.005,"HAREKET YOK",IF(ABS(T5)<=AYARLAR!$B$2,"TUTUYOR",IF(ABS(T5)<=100,"KÜÇÜK FARK","TUTMUYOR"))) | V5: =(SUMIFS('RAW_HESAP_KARTLARI'!$F$2:$F$10000,'RAW_HESAP_KARTLARI'!$A$2:$A$10000,"602.01.02.0003",'RAW_HESAP_KARTLARI'!$D$2:$D$10000,$A5)-SUMIFS('RAW_HESAP_KARTLARI'!$E$2:$E$10000,'RAW_HESAP_KARTLARI'!$A$2:$A$10000,"602.01.02.0003",'RAW_HESAP_KARTLARI'!$D$2:$D$10000,$A5)) | W5: =ROUND(V5*20%,2) | X5: =(SUMIFS('RAW_HESAP_KARTLARI'!$F$2:$F$10000,'RAW_HESAP_KARTLARI'!$A$2:$A$10000,"391.01.03.0008",'RAW_HESAP_KARTLARI'!$D$2:$D$10000,$A5)-SUMIFS('RAW_HESAP_KARTLARI'!$E$2:$E$10000,'RAW_HESAP_KARTLARI'!$A$2:$A$10000,"391.01.03.0008",'RAW_HESAP_KARTLARI'!$D$2:$D$10000,$A5)) | Y5: =ROUND(X5-W5,2) | Z5: =IF(ABS(V5)<0.005,"HAREKET YOK",IF(ABS(Y5)<=AYARLAR!$B$2,"TUTUYOR",IF(ABS(Y5)<=100,"KÜÇÜK FARK","TUTMUYOR"))) | AA5: =(SUMIFS('RAW_HESAP_KARTLARI'!$F$2:$F$10000,'RAW_HESAP_KARTLARI'!$A$2:$A$10000,"646.01.01.0003",'RAW_HESAP_KARTLARI'!$D$2:$D$10000,$A5)-SUMIFS('RAW_HESAP_KARTLARI'!$E$2:$E$10000,'RAW_HESAP_KARTLARI'!$A$2:$A$10000,"646.01.01.0003",'RAW_HESAP_KARTLARI'!$D$2:$D$10000,$A5)) | AB5: =ROUND(AA5*10%,2) | AC5: =(SUMIFS('RAW_HESAP_KARTLARI'!$F$2:$F$10000,'RAW_HESAP_KARTLARI'!$A$2:$A$10000,"391.01.04.0002",'RAW_HESAP_KARTLARI'!$D$2:$D$10000,$A5)-SUMIFS('RAW_HESAP_KARTLARI'!$E$2:$E$10000,'RAW_HESAP_KARTLARI'!$A$2:$A$10000,"391.01.04.0002",'RAW_HESAP_KARTLARI'!$D$2:$D$10000,$A5)) | AD5: =ROUND(AC5-AB5,2) | AE5: =IF(ABS(AA5)<0.005,"HAREKET YOK",IF(ABS(AD5)<=AYARLAR!$B$2,"TUTUYOR",IF(ABS(AD5)<=100,"KÜÇÜK FARK","TUTMUYOR"))) | AF5: =(SUMIFS('RAW_HESAP_KARTLARI'!$E$2:$E$10000,'RAW_HESAP_KARTLARI'!$A$2:$A$10000,"191.01.01.0001",'RAW_HESAP_KARTLARI'!$D$2:$D$10000,$A5)-SUMIFS('RAW_HESAP_KARTLARI'!$F$2:$F$10000,'RAW_HESAP_KARTLARI'!$A$2:$A$10000,"191.01.01.0001",'RAW_HESAP_KARTLARI'!$D$2:$D$10000,$A5)) | AG5: =(SUMIFS('RAW_HESAP_KARTLARI'!$E$2:$E$10000,'RAW_HESAP_KARTLARI'!$A$2:$A$10000,"191.01.01.0002",'RAW_HESAP_KARTLARI'!$D$2:$D$10000,$A5)-SUMIFS('RAW_HESAP_KARTLARI'!$F$2:$F$10000,'RAW_HESAP_KARTLARI'!$A$2:$A$10000,"191.01.01.0002",'RAW_HESAP_KARTLARI'!$D$2:$D$10000,$A5)) | AH5: =(SUMIFS('RAW_HESAP_KARTLARI'!$E$2:$E$10000,'RAW_HESAP_KARTLARI'!$A$2:$A$10000,"191.01.01.0003",'RAW_HESAP_KARTLARI'!$D$2:$D$10000,$A5)-SUMIFS('RAW_HESAP_KARTLARI'!$F$2:$F$10000,'RAW_HESAP_KARTLARI'!$A$2:$A$10000,"191.01.01.0003",'RAW_HESAP_KARTLARI'!$D$2:$D$10000,$A5)) | AI5: =(SUMIFS('RAW_HESAP_KARTLARI'!$E$2:$E$10000,'RAW_HESAP_KARTLARI'!$A$2:$A$10000,"191.01.01.0006",'RAW_HESAP_KARTLARI'!$D$2:$D$10000,$A5)-SUMIFS('RAW_HESAP_KARTLARI'!$F$2:$F$10000,'RAW_HESAP_KARTLARI'!$A$2:$A$10000,"191.01.01.0006",'RAW_HESAP_KARTLARI'!$D$2:$D$10000,$A5)) | AJ5: =(SUMIFS('RAW_HESAP_KARTLARI'!$F$2:$F$10000,'RAW_HESAP_KARTLARI'!$A$2:$A$10000,"391.01.03.0001",'RAW_HESAP_KARTLARI'!$D$2:$D$10000,$A5)-SUMIFS('RAW_HESAP_KARTLARI'!$E$2:$E$10000,'RAW_HESAP_KARTLARI'!$A$2:$A$10000,"391.01.03.0001",'RAW_HESAP_KARTLARI'!$D$2:$D$10000,$A5)) | AK5: =(SUMIFS('RAW_HESAP_KARTLARI'!$F$2:$F$10000,'RAW_HESAP_KARTLARI'!$A$2:$A$10000,"391.01.03.0003",'RAW_HESAP_KARTLARI'!$D$2:$D$10000,$A5)-SUMIFS('RAW_HESAP_KARTLARI'!$E$2:$E$10000,'RAW_HESAP_KARTLARI'!$A$2:$A$10000,"391.01.03.0003",'RAW_HESAP_KARTLARI'!$D$2:$D$10000,$A5))+(SUMIFS('RAW_HESAP_KARTLARI'!$F$2:$F$10000,'RAW_HESAP_KARTLARI'!$A$2:$A$10000,"391.01.03.0008",'RAW_HESAP_KARTLARI'!$D$2:$D$10000,$A5)-SUMIFS('RAW_HESAP_KARTLARI'!$E$2:$E$10000,'RAW_HESAP_KARTLARI'!$A$2:$A$10000,"391.01.03.0008",'RAW_HESAP_KARTLARI'!$D$2:$D$10000,$A5)) | AL5: =(SUMIFS('RAW_HESAP_KARTLARI'!$F$2:$F$10000,'RAW_HESAP_KARTLARI'!$A$2:$A$10000,"391.01.03.0009",'RAW_HESAP_KARTLARI'!$D$2:$D$10000,$A5)-SUMIFS('RAW_HESAP_KARTLARI'!$E$2:$E$10000,'RAW_HESAP_KARTLARI'!$A$2:$A$10000,"391.01.03.0009",'RAW_HESAP_KARTLARI'!$D$2:$D$10000,$A5))+(SUMIFS('RAW_HESAP_KARTLARI'!$F$2:$F$10000,'RAW_HESAP_KARTLARI'!$A$2:$A$10000,"391.01.04.0002",'RAW_HESAP_KARTLARI'!$D$2:$D$10000,$A5)-SUMIFS('RAW_HESAP_KARTLARI'!$E$2:$E$10000,'RAW_HESAP_KARTLARI'!$A$2:$A$10000,"391.01.04.0002",'RAW_HESAP_KARTLARI'!$D$2:$D$10000,$A5)) | AM5: =ROUND(D5+I5+AJ5+AK5+AL5,2) | AN5: =ROUND(AF5+AG5+AH5+AI5+N5+S5,2) | AO5: =ROUND(AM5-AN5,2) | AP5: =IF(AO5>0,"ÖDENECEK KDV",IF(AO5<0,"DEVREDEN KDV","SIFIR")) | AQ5: =COUNTIF(F5:AE5,"TUTMUYOR")+COUNTIF(F5:AE5,"KÜÇÜK FARK") | AR5: =IF($AQ5=0,"Sorun yok / tolerans içinde",TEXTJOIN(" | ",TRUE,IF(AND($F5<>"TUTUYOR",$F5<>"HAREKET YOK"),"600 %10: "&IF($E5>0,"391 %10 fazla; %20 olması gereken matrah %10 gelirde kalmış, çift KDV veya yanlış mapping olabilir","391 %10 eksik; %10 gelir 391 KDV hesabına eksik yansımış olabilir"),""),IF(AND($K5<>"TUTUYOR",$K5<>"HAREKET YOK"),"600 %20: "&IF($J5>0,"391 %20 fazla; %20 KDV mükerrer/fazla çalışmış olabilir","391 %20 eksik; %20 gelir 391 KDV hesabına eksik yansımış olabilir"),""),IF(AND($P5<>"TUTUYOR",$P5<>"HAREKET YOK"),"610 %10: "&IF($O5>0,"191 satış iade KDV fazla; iade KDV mükerrer/manuel fazla olabilir","191 satış iade KDV eksik; satış iadesi KDV hesabına bağlanmamış olabilir"),""),IF(AND($U5<>"TUTUYOR",$U5<>"HAREKET YOK"),"610 %20: "&IF($T5>0,"191 %20 satış iade KDV fazla olabilir","191 %20 satış iade KDV eksik olabilir"),""),IF(AND($Z5<>"TUTUYOR",$Z5<>"HAREKET YOK"),"602/391: "&IF($Y5>0,"391 ilave KDV fazla; alış iade/ciro primi KDV mapping kontrol edilmeli","391 ilave KDV eksik; alış iade/ciro primi KDV mapping kontrol edilmeli"),""),IF(AND($AE5<>"TUTUYOR",$AE5<>"HAREKET YOK"),"646/391: "&IF($AD5>0,"391 ilave KDV fazla; kur farkı KDV oranı veya hesap eşleşmesi kontrol edilmeli","391 ilave KDV eksik; kur farkı KDV mapping kontrol edilmeli"),""))) | AS5: =IF($AQ5=0,"Fiş düzeltmesi gerekmiyor",TEXTJOIN(" / ",TRUE,IF(AND($F5<>"TUTUYOR",$F5<>"HAREKET YOK"),"600-391 gelir entegrasyonu ve KDV oran mapping", ""),IF(AND($K5<>"TUTUYOR",$K5<>"HAREKET YOK"),"600 %20 gelir ve 391 %20 KDV fişi", ""),IF(AND($P5<>"TUTUYOR",$P5<>"HAREKET YOK"),"610 satış iadesi ve 191 satıştan iade KDV", ""),IF(AND($U5<>"TUTUYOR",$U5<>"HAREKET YOK"),"610 %20 iade ve 191 %20 iade KDV", ""),IF(AND($Z5<>"TUTUYOR",$Z5<>"HAREKET YOK"),"602 ciro/iskonto geliri ve 391 ilave KDV", ""),IF(AND($AE5<>"TUTUYOR",$AE5<>"HAREKET YOK"),"646 kur farkı ve 391 ilave KDV", ""))) | AT5: =IF(COUNTIF($F5:$AE5,"TUTMUYOR")>0,"YÜKSEK",IF(COUNTIF($F5:$AE5,"KÜÇÜK FARK")>0,"ORTA","DÜŞÜK"))
A6: ROYAL SEGINUS | B6: =(SUMIFS('RAW_HESAP_KARTLARI'!$F$2:$F$10000,'RAW_HESAP_KARTLARI'!$A$2:$A$10000,"600.01.01.0001",'RAW_HESAP_KARTLARI'!$D$2:$D$10000,$A6)-SUMIFS('RAW_HESAP_KARTLARI'!$E$2:$E$10000,'RAW_HESAP_KARTLARI'!$A$2:$A$10000,"600.01.01.0001",'RAW_HESAP_KARTLARI'!$D$2:$D$10000,$A6))+(SUMIFS('RAW_HESAP_KARTLARI'!$F$2:$F$10000,'RAW_HESAP_KARTLARI'!$A$2:$A$10000,"600.01.01.0002",'RAW_HESAP_KARTLARI'!$D$2:$D$10000,$A6)-SUMIFS('RAW_HESAP_KARTLARI'!$E$2:$E$10000,'RAW_HESAP_KARTLARI'!$A$2:$A$10000,"600.01.01.0002",'RAW_HESAP_KARTLARI'!$D$2:$D$10000,$A6))+(SUMIFS('RAW_HESAP_KARTLARI'!$F$2:$F$10000,'RAW_HESAP_KARTLARI'!$A$2:$A$10000,"600.01.02.0001",'RAW_HESAP_KARTLARI'!$D$2:$D$10000,$A6)-SUMIFS('RAW_HESAP_KARTLARI'!$E$2:$E$10000,'RAW_HESAP_KARTLARI'!$A$2:$A$10000,"600.01.02.0001",'RAW_HESAP_KARTLARI'!$D$2:$D$10000,$A6))+(SUMIFS('RAW_HESAP_KARTLARI'!$F$2:$F$10000,'RAW_HESAP_KARTLARI'!$A$2:$A$10000,"600.01.02.0002",'RAW_HESAP_KARTLARI'!$D$2:$D$10000,$A6)-SUMIFS('RAW_HESAP_KARTLARI'!$E$2:$E$10000,'RAW_HESAP_KARTLARI'!$A$2:$A$10000,"600.01.02.0002",'RAW_HESAP_KARTLARI'!$D$2:$D$10000,$A6))+(SUMIFS('RAW_HESAP_KARTLARI'!$F$2:$F$10000,'RAW_HESAP_KARTLARI'!$A$2:$A$10000,"600.01.03.0002",'RAW_HESAP_KARTLARI'!$D$2:$D$10000,$A6)-SUMIFS('RAW_HESAP_KARTLARI'!$E$2:$E$10000,'RAW_HESAP_KARTLARI'!$A$2:$A$10000,"600.01.03.0002",'RAW_HESAP_KARTLARI'!$D$2:$D$10000,$A6)) | C6: =ROUND(B6*10%,2) | D6: =(SUMIFS('RAW_HESAP_KARTLARI'!$F$2:$F$10000,'RAW_HESAP_KARTLARI'!$A$2:$A$10000,"391.01.01.0002",'RAW_HESAP_KARTLARI'!$D$2:$D$10000,$A6)-SUMIFS('RAW_HESAP_KARTLARI'!$E$2:$E$10000,'RAW_HESAP_KARTLARI'!$A$2:$A$10000,"391.01.01.0002",'RAW_HESAP_KARTLARI'!$D$2:$D$10000,$A6)) | E6: =ROUND(D6-C6,2) | F6: =IF(ABS(B6)<0.005,"HAREKET YOK",IF(ABS(E6)<=AYARLAR!$B$2,"TUTUYOR",IF(ABS(E6)<=100,"KÜÇÜK FARK","TUTMUYOR"))) | G6: =(SUMIFS('RAW_HESAP_KARTLARI'!$F$2:$F$10000,'RAW_HESAP_KARTLARI'!$A$2:$A$10000,"600.01.02.0003",'RAW_HESAP_KARTLARI'!$D$2:$D$10000,$A6)-SUMIFS('RAW_HESAP_KARTLARI'!$E$2:$E$10000,'RAW_HESAP_KARTLARI'!$A$2:$A$10000,"600.01.02.0003",'RAW_HESAP_KARTLARI'!$D$2:$D$10000,$A6))+(SUMIFS('RAW_HESAP_KARTLARI'!$F$2:$F$10000,'RAW_HESAP_KARTLARI'!$A$2:$A$10000,"600.01.03.0001",'RAW_HESAP_KARTLARI'!$D$2:$D$10000,$A6)-SUMIFS('RAW_HESAP_KARTLARI'!$E$2:$E$10000,'RAW_HESAP_KARTLARI'!$A$2:$A$10000,"600.01.03.0001",'RAW_HESAP_KARTLARI'!$D$2:$D$10000,$A6)) | H6: =ROUND(G6*20%,2) | I6: =(SUMIFS('RAW_HESAP_KARTLARI'!$F$2:$F$10000,'RAW_HESAP_KARTLARI'!$A$2:$A$10000,"391.01.01.0003",'RAW_HESAP_KARTLARI'!$D$2:$D$10000,$A6)-SUMIFS('RAW_HESAP_KARTLARI'!$E$2:$E$10000,'RAW_HESAP_KARTLARI'!$A$2:$A$10000,"391.01.01.0003",'RAW_HESAP_KARTLARI'!$D$2:$D$10000,$A6)) | J6: =ROUND(I6-H6,2) | K6: =IF(ABS(G6)<0.005,"HAREKET YOK",IF(ABS(J6)<=AYARLAR!$B$2,"TUTUYOR",IF(ABS(J6)<=100,"KÜÇÜK FARK","TUTMUYOR"))) | L6: =(SUMIFS('RAW_HESAP_KARTLARI'!$E$2:$E$10000,'RAW_HESAP_KARTLARI'!$A$2:$A$10000,"610.01.01.0001",'RAW_HESAP_KARTLARI'!$D$2:$D$10000,$A6)-SUMIFS('RAW_HESAP_KARTLARI'!$F$2:$F$10000,'RAW_HESAP_KARTLARI'!$A$2:$A$10000,"610.01.01.0001",'RAW_HESAP_KARTLARI'!$D$2:$D$10000,$A6)) | M6: =ROUND(L6*10%,2) | N6: =(SUMIFS('RAW_HESAP_KARTLARI'!$E$2:$E$10000,'RAW_HESAP_KARTLARI'!$A$2:$A$10000,"191.01.02.0002",'RAW_HESAP_KARTLARI'!$D$2:$D$10000,$A6)-SUMIFS('RAW_HESAP_KARTLARI'!$F$2:$F$10000,'RAW_HESAP_KARTLARI'!$A$2:$A$10000,"191.01.02.0002",'RAW_HESAP_KARTLARI'!$D$2:$D$10000,$A6)) | O6: =ROUND(N6-M6,2) | P6: =IF(ABS(L6)<0.005,"HAREKET YOK",IF(ABS(O6)<=AYARLAR!$B$2,"TUTUYOR",IF(ABS(O6)<=100,"KÜÇÜK FARK","TUTMUYOR"))) | Q6: =(SUMIFS('RAW_HESAP_KARTLARI'!$E$2:$E$10000,'RAW_HESAP_KARTLARI'!$A$2:$A$10000,"610.01.01.0002",'RAW_HESAP_KARTLARI'!$D$2:$D$10000,$A6)-SUMIFS('RAW_HESAP_KARTLARI'!$F$2:$F$10000,'RAW_HESAP_KARTLARI'!$A$2:$A$10000,"610.01.01.0002",'RAW_HESAP_KARTLARI'!$D$2:$D$10000,$A6)) | R6: =ROUND(Q6*20%,2) | S6: =(SUMIFS('RAW_HESAP_KARTLARI'!$E$2:$E$10000,'RAW_HESAP_KARTLARI'!$A$2:$A$10000,"191.01.02.0003",'RAW_HESAP_KARTLARI'!$D$2:$D$10000,$A6)-SUMIFS('RAW_HESAP_KARTLARI'!$F$2:$F$10000,'RAW_HESAP_KARTLARI'!$A$2:$A$10000,"191.01.02.0003",'RAW_HESAP_KARTLARI'!$D$2:$D$10000,$A6)) | T6: =ROUND(S6-R6,2) | U6: =IF(ABS(Q6)<0.005,"HAREKET YOK",IF(ABS(T6)<=AYARLAR!$B$2,"TUTUYOR",IF(ABS(T6)<=100,"KÜÇÜK FARK","TUTMUYOR"))) | V6: =(SUMIFS('RAW_HESAP_KARTLARI'!$F$2:$F$10000,'RAW_HESAP_KARTLARI'!$A$2:$A$10000,"602.01.02.0003",'RAW_HESAP_KARTLARI'!$D$2:$D$10000,$A6)-SUMIFS('RAW_HESAP_KARTLARI'!$E$2:$E$10000,'RAW_HESAP_KARTLARI'!$A$2:$A$10000,"602.01.02.0003",'RAW_HESAP_KARTLARI'!$D$2:$D$10000,$A6)) | W6: =ROUND(V6*20%,2) | X6: =(SUMIFS('RAW_HESAP_KARTLARI'!$F$2:$F$10000,'RAW_HESAP_KARTLARI'!$A$2:$A$10000,"391.01.03.0008",'RAW_HESAP_KARTLARI'!$D$2:$D$10000,$A6)-SUMIFS('RAW_HESAP_KARTLARI'!$E$2:$E$10000,'RAW_HESAP_KARTLARI'!$A$2:$A$10000,"391.01.03.0008",'RAW_HESAP_KARTLARI'!$D$2:$D$10000,$A6)) | Y6: =ROUND(X6-W6,2) | Z6: =IF(ABS(V6)<0.005,"HAREKET YOK",IF(ABS(Y6)<=AYARLAR!$B$2,"TUTUYOR",IF(ABS(Y6)<=100,"KÜÇÜK FARK","TUTMUYOR"))) | AA6: =(SUMIFS('RAW_HESAP_KARTLARI'!$F$2:$F$10000,'RAW_HESAP_KARTLARI'!$A$2:$A$10000,"646.01.01.0003",'RAW_HESAP_KARTLARI'!$D$2:$D$10000,$A6)-SUMIFS('RAW_HESAP_KARTLARI'!$E$2:$E$10000,'RAW_HESAP_KARTLARI'!$A$2:$A$10000,"646.01.01.0003",'RAW_HESAP_KARTLARI'!$D$2:$D$10000,$A6)) | AB6: =ROUND(AA6*10%,2) | AC6: =(SUMIFS('RAW_HESAP_KARTLARI'!$F$2:$F$10000,'RAW_HESAP_KARTLARI'!$A$2:$A$10000,"391.01.04.0002",'RAW_HESAP_KARTLARI'!$D$2:$D$10000,$A6)-SUMIFS('RAW_HESAP_KARTLARI'!$E$2:$E$10000,'RAW_HESAP_KARTLARI'!$A$2:$A$10000,"391.01.04.0002",'RAW_HESAP_KARTLARI'!$D$2:$D$10000,$A6)) | AD6: =ROUND(AC6-AB6,2) | AE6: =IF(ABS(AA6)<0.005,"HAREKET YOK",IF(ABS(AD6)<=AYARLAR!$B$2,"TUTUYOR",IF(ABS(AD6)<=100,"KÜÇÜK FARK","TUTMUYOR"))) | AF6: =(SUMIFS('RAW_HESAP_KARTLARI'!$E$2:$E$10000,'RAW_HESAP_KARTLARI'!$A$2:$A$10000,"191.01.01.0001",'RAW_HESAP_KARTLARI'!$D$2:$D$10000,$A6)-SUMIFS('RAW_HESAP_KARTLARI'!$F$2:$F$10000,'RAW_HESAP_KARTLARI'!$A$2:$A$10000,"191.01.01.0001",'RAW_HESAP_KARTLARI'!$D$2:$D$10000,$A6)) | AG6: =(SUMIFS('RAW_HESAP_KARTLARI'!$E$2:$E$10000,'RAW_HESAP_KARTLARI'!$A$2:$A$10000,"191.01.01.0002",'RAW_HESAP_KARTLARI'!$D$2:$D$10000,$A6)-SUMIFS('RAW_HESAP_KARTLARI'!$F$2:$F$10000,'RAW_HESAP_KARTLARI'!$A$2:$A$10000,"191.01.01.0002",'RAW_HESAP_KARTLARI'!$D$2:$D$10000,$A6)) | AH6: =(SUMIFS('RAW_HESAP_KARTLARI'!$E$2:$E$10000,'RAW_HESAP_KARTLARI'!$A$2:$A$10000,"191.01.01.0003",'RAW_HESAP_KARTLARI'!$D$2:$D$10000,$A6)-SUMIFS('RAW_HESAP_KARTLARI'!$F$2:$F$10000,'RAW_HESAP_KARTLARI'!$A$2:$A$10000,"191.01.01.0003",'RAW_HESAP_KARTLARI'!$D$2:$D$10000,$A6)) | AI6: =(SUMIFS('RAW_HESAP_KARTLARI'!$E$2:$E$10000,'RAW_HESAP_KARTLARI'!$A$2:$A$10000,"191.01.01.0006",'RAW_HESAP_KARTLARI'!$D$2:$D$10000,$A6)-SUMIFS('RAW_HESAP_KARTLARI'!$F$2:$F$10000,'RAW_HESAP_KARTLARI'!$A$2:$A$10000,"191.01.01.0006",'RAW_HESAP_KARTLARI'!$D$2:$D$10000,$A6)) | AJ6: =(SUMIFS('RAW_HESAP_KARTLARI'!$F$2:$F$10000,'RAW_HESAP_KARTLARI'!$A$2:$A$10000,"391.01.03.0001",'RAW_HESAP_KARTLARI'!$D$2:$D$10000,$A6)-SUMIFS('RAW_HESAP_KARTLARI'!$E$2:$E$10000,'RAW_HESAP_KARTLARI'!$A$2:$A$10000,"391.01.03.0001",'RAW_HESAP_KARTLARI'!$D$2:$D$10000,$A6)) | AK6: =(SUMIFS('RAW_HESAP_KARTLARI'!$F$2:$F$10000,'RAW_HESAP_KARTLARI'!$A$2:$A$10000,"391.01.03.0003",'RAW_HESAP_KARTLARI'!$D$2:$D$10000,$A6)-SUMIFS('RAW_HESAP_KARTLARI'!$E$2:$E$10000,'RAW_HESAP_KARTLARI'!$A$2:$A$10000,"391.01.03.0003",'RAW_HESAP_KARTLARI'!$D$2:$D$10000,$A6))+(SUMIFS('RAW_HESAP_KARTLARI'!$F$2:$F$10000,'RAW_HESAP_KARTLARI'!$A$2:$A$10000,"391.01.03.0008",'RAW_HESAP_KARTLARI'!$D$2:$D$10000,$A6)-SUMIFS('RAW_HESAP_KARTLARI'!$E$2:$E$10000,'RAW_HESAP_KARTLARI'!$A$2:$A$10000,"391.01.03.0008",'RAW_HESAP_KARTLARI'!$D$2:$D$10000,$A6)) | AL6: =(SUMIFS('RAW_HESAP_KARTLARI'!$F$2:$F$10000,'RAW_HESAP_KARTLARI'!$A$2:$A$10000,"391.01.03.0009",'RAW_HESAP_KARTLARI'!$D$2:$D$10000,$A6)-SUMIFS('RAW_HESAP_KARTLARI'!$E$2:$E$10000,'RAW_HESAP_KARTLARI'!$A$2:$A$10000,"391.01.03.0009",'RAW_HESAP_KARTLARI'!$D$2:$D$10000,$A6))+(SUMIFS('RAW_HESAP_KARTLARI'!$F$2:$F$10000,'RAW_HESAP_KARTLARI'!$A$2:$A$10000,"391.01.04.0002",'RAW_HESAP_KARTLARI'!$D$2:$D$10000,$A6)-SUMIFS('RAW_HESAP_KARTLARI'!$E$2:$E$10000,'RAW_HESAP_KARTLARI'!$A$2:$A$10000,"391.01.04.0002",'RAW_HESAP_KARTLARI'!$D$2:$D$10000,$A6)) | AM6: =ROUND(D6+I6+AJ6+AK6+AL6,2) | AN6: =ROUND(AF6+AG6+AH6+AI6+N6+S6,2) | AO6: =ROUND(AM6-AN6,2) | AP6: =IF(AO6>0,"ÖDENECEK KDV",IF(AO6<0,"DEVREDEN KDV","SIFIR")) | AQ6: =COUNTIF(F6:AE6,"TUTMUYOR")+COUNTIF(F6:AE6,"KÜÇÜK FARK") | AR6: =IF($AQ6=0,"Sorun yok / tolerans içinde",TEXTJOIN(" | ",TRUE,IF(AND($F6<>"TUTUYOR",$F6<>"HAREKET YOK"),"600 %10: "&IF($E6>0,"391 %10 fazla; %20 olması gereken matrah %10 gelirde kalmış, çift KDV veya yanlış mapping olabilir","391 %10 eksik; %10 gelir 391 KDV hesabına eksik yansımış olabilir"),""),IF(AND($K6<>"TUTUYOR",$K6<>"HAREKET YOK"),"600 %20: "&IF($J6>0,"391 %20 fazla; %20 KDV mükerrer/fazla çalışmış olabilir","391 %20 eksik; %20 gelir 391 KDV hesabına eksik yansımış olabilir"),""),IF(AND($P6<>"TUTUYOR",$P6<>"HAREKET YOK"),"610 %10: "&IF($O6>0,"191 satış iade KDV fazla; iade KDV mükerrer/manuel fazla olabilir","191 satış iade KDV eksik; satış iadesi KDV hesabına bağlanmamış olabilir"),""),IF(AND($U6<>"TUTUYOR",$U6<>"HAREKET YOK"),"610 %20: "&IF($T6>0,"191 %20 satış iade KDV fazla olabilir","191 %20 satış iade KDV eksik olabilir"),""),IF(AND($Z6<>"TUTUYOR",$Z6<>"HAREKET YOK"),"602/391: "&IF($Y6>0,"391 ilave KDV fazla; alış iade/ciro primi KDV mapping kontrol edilmeli","391 ilave KDV eksik; alış iade/ciro primi KDV mapping kontrol edilmeli"),""),IF(AND($AE6<>"TUTUYOR",$AE6<>"HAREKET YOK"),"646/391: "&IF($AD6>0,"391 ilave KDV fazla; kur farkı KDV oranı veya hesap eşleşmesi kontrol edilmeli","391 ilave KDV eksik; kur farkı KDV mapping kontrol edilmeli"),""))) | AS6: =IF($AQ6=0,"Fiş düzeltmesi gerekmiyor",TEXTJOIN(" / ",TRUE,IF(AND($F6<>"TUTUYOR",$F6<>"HAREKET YOK"),"600-391 gelir entegrasyonu ve KDV oran mapping", ""),IF(AND($K6<>"TUTUYOR",$K6<>"HAREKET YOK"),"600 %20 gelir ve 391 %20 KDV fişi", ""),IF(AND($P6<>"TUTUYOR",$P6<>"HAREKET YOK"),"610 satış iadesi ve 191 satıştan iade KDV", ""),IF(AND($U6<>"TUTUYOR",$U6<>"HAREKET YOK"),"610 %20 iade ve 191 %20 iade KDV", ""),IF(AND($Z6<>"TUTUYOR",$Z6<>"HAREKET YOK"),"602 ciro/iskonto geliri ve 391 ilave KDV", ""),IF(AND($AE6<>"TUTUYOR",$AE6<>"HAREKET YOK"),"646 kur farkı ve 391 ilave KDV", ""))) | AT6: =IF(COUNTIF($F6:$AE6,"TUTMUYOR")>0,"YÜKSEK",IF(COUNTIF($F6:$AE6,"KÜÇÜK FARK")>0,"ORTA","DÜŞÜK"))
A7: STONE ÇARŞI | B7: =(SUMIFS('RAW_HESAP_KARTLARI'!$F$2:$F$10000,'RAW_HESAP_KARTLARI'!$A$2:$A$10000,"600.01.01.0001",'RAW_HESAP_KARTLARI'!$D$2:$D$10000,$A7)-SUMIFS('RAW_HESAP_KARTLARI'!$E$2:$E$10000,'RAW_HESAP_KARTLARI'!$A$2:$A$10000,"600.01.01.0001",'RAW_HESAP_KARTLARI'!$D$2:$D$10000,$A7))+(SUMIFS('RAW_HESAP_KARTLARI'!$F$2:$F$10000,'RAW_HESAP_KARTLARI'!$A$2:$A$10000,"600.01.01.0002",'RAW_HESAP_KARTLARI'!$D$2:$D$10000,$A7)-SUMIFS('RAW_HESAP_KARTLARI'!$E$2:$E$10000,'RAW_HESAP_KARTLARI'!$A$2:$A$10000,"600.01.01.0002",'RAW_HESAP_KARTLARI'!$D$2:$D$10000,$A7))+(SUMIFS('RAW_HESAP_KARTLARI'!$F$2:$F$10000,'RAW_HESAP_KARTLARI'!$A$2:$A$10000,"600.01.02.0001",'RAW_HESAP_KARTLARI'!$D$2:$D$10000,$A7)-SUMIFS('RAW_HESAP_KARTLARI'!$E$2:$E$10000,'RAW_HESAP_KARTLARI'!$A$2:$A$10000,"600.01.02.0001",'RAW_HESAP_KARTLARI'!$D$2:$D$10000,$A7))+(SUMIFS('RAW_HESAP_KARTLARI'!$F$2:$F$10000,'RAW_HESAP_KARTLARI'!$A$2:$A$10000,"600.01.02.0002",'RAW_HESAP_KARTLARI'!$D$2:$D$10000,$A7)-SUMIFS('RAW_HESAP_KARTLARI'!$E$2:$E$10000,'RAW_HESAP_KARTLARI'!$A$2:$A$10000,"600.01.02.0002",'RAW_HESAP_KARTLARI'!$D$2:$D$10000,$A7))+(SUMIFS('RAW_HESAP_KARTLARI'!$F$2:$F$10000,'RAW_HESAP_KARTLARI'!$A$2:$A$10000,"600.01.03.0002",'RAW_HESAP_KARTLARI'!$D$2:$D$10000,$A7)-SUMIFS('RAW_HESAP_KARTLARI'!$E$2:$E$10000,'RAW_HESAP_KARTLARI'!$A$2:$A$10000,"600.01.03.0002",'RAW_HESAP_KARTLARI'!$D$2:$D$10000,$A7)) | C7: =ROUND(B7*10%,2) | D7: =(SUMIFS('RAW_HESAP_KARTLARI'!$F$2:$F$10000,'RAW_HESAP_KARTLARI'!$A$2:$A$10000,"391.01.01.0002",'RAW_HESAP_KARTLARI'!$D$2:$D$10000,$A7)-SUMIFS('RAW_HESAP_KARTLARI'!$E$2:$E$10000,'RAW_HESAP_KARTLARI'!$A$2:$A$10000,"391.01.01.0002",'RAW_HESAP_KARTLARI'!$D$2:$D$10000,$A7)) | E7: =ROUND(D7-C7,2) | F7: =IF(ABS(B7)<0.005,"HAREKET YOK",IF(ABS(E7)<=AYARLAR!$B$2,"TUTUYOR",IF(ABS(E7)<=100,"KÜÇÜK FARK","TUTMUYOR"))) | G7: =(SUMIFS('RAW_HESAP_KARTLARI'!$F$2:$F$10000,'RAW_HESAP_KARTLARI'!$A$2:$A$10000,"600.01.02.0003",'RAW_HESAP_KARTLARI'!$D$2:$D$10000,$A7)-SUMIFS('RAW_HESAP_KARTLARI'!$E$2:$E$10000,'RAW_HESAP_KARTLARI'!$A$2:$A$10000,"600.01.02.0003",'RAW_HESAP_KARTLARI'!$D$2:$D$10000,$A7))+(SUMIFS('RAW_HESAP_KARTLARI'!$F$2:$F$10000,'RAW_HESAP_KARTLARI'!$A$2:$A$10000,"600.01.03.0001",'RAW_HESAP_KARTLARI'!$D$2:$D$10000,$A7)-SUMIFS('RAW_HESAP_KARTLARI'!$E$2:$E$10000,'RAW_HESAP_KARTLARI'!$A$2:$A$10000,"600.01.03.0001",'RAW_HESAP_KARTLARI'!$D$2:$D$10000,$A7)) | H7: =ROUND(G7*20%,2) | I7: =(SUMIFS('RAW_HESAP_KARTLARI'!$F$2:$F$10000,'RAW_HESAP_KARTLARI'!$A$2:$A$10000,"391.01.01.0003",'RAW_HESAP_KARTLARI'!$D$2:$D$10000,$A7)-SUMIFS('RAW_HESAP_KARTLARI'!$E$2:$E$10000,'RAW_HESAP_KARTLARI'!$A$2:$A$10000,"391.01.01.0003",'RAW_HESAP_KARTLARI'!$D$2:$D$10000,$A7)) | J7: =ROUND(I7-H7,2) | K7: =IF(ABS(G7)<0.005,"HAREKET YOK",IF(ABS(J7)<=AYARLAR!$B$2,"TUTUYOR",IF(ABS(J7)<=100,"KÜÇÜK FARK","TUTMUYOR"))) | L7: =(SUMIFS('RAW_HESAP_KARTLARI'!$E$2:$E$10000,'RAW_HESAP_KARTLARI'!$A$2:$A$10000,"610.01.01.0001",'RAW_HESAP_KARTLARI'!$D$2:$D$10000,$A7)-SUMIFS('RAW_HESAP_KARTLARI'!$F$2:$F$10000,'RAW_HESAP_KARTLARI'!$A$2:$A$10000,"610.01.01.0001",'RAW_HESAP_KARTLARI'!$D$2:$D$10000,$A7)) | M7: =ROUND(L7*10%,2) | N7: =(SUMIFS('RAW_HESAP_KARTLARI'!$E$2:$E$10000,'RAW_HESAP_KARTLARI'!$A$2:$A$10000,"191.01.02.0002",'RAW_HESAP_KARTLARI'!$D$2:$D$10000,$A7)-SUMIFS('RAW_HESAP_KARTLARI'!$F$2:$F$10000,'RAW_HESAP_KARTLARI'!$A$2:$A$10000,"191.01.02.0002",'RAW_HESAP_KARTLARI'!$D$2:$D$10000,$A7)) | O7: =ROUND(N7-M7,2) | P7: =IF(ABS(L7)<0.005,"HAREKET YOK",IF(ABS(O7)<=AYARLAR!$B$2,"TUTUYOR",IF(ABS(O7)<=100,"KÜÇÜK FARK","TUTMUYOR"))) | Q7: =(SUMIFS('RAW_HESAP_KARTLARI'!$E$2:$E$10000,'RAW_HESAP_KARTLARI'!$A$2:$A$10000,"610.01.01.0002",'RAW_HESAP_KARTLARI'!$D$2:$D$10000,$A7)-SUMIFS('RAW_HESAP_KARTLARI'!$F$2:$F$10000,'RAW_HESAP_KARTLARI'!$A$2:$A$10000,"610.01.01.0002",'RAW_HESAP_KARTLARI'!$D$2:$D$10000,$A7)) | R7: =ROUND(Q7*20%,2) | S7: =(SUMIFS('RAW_HESAP_KARTLARI'!$E$2:$E$10000,'RAW_HESAP_KARTLARI'!$A$2:$A$10000,"191.01.02.0003",'RAW_HESAP_KARTLARI'!$D$2:$D$10000,$A7)-SUMIFS('RAW_HESAP_KARTLARI'!$F$2:$F$10000,'RAW_HESAP_KARTLARI'!$A$2:$A$10000,"191.01.02.0003",'RAW_HESAP_KARTLARI'!$D$2:$D$10000,$A7)) | T7: =ROUND(S7-R7,2) | U7: =IF(ABS(Q7)<0.005,"HAREKET YOK",IF(ABS(T7)<=AYARLAR!$B$2,"TUTUYOR",IF(ABS(T7)<=100,"KÜÇÜK FARK","TUTMUYOR"))) | V7: =(SUMIFS('RAW_HESAP_KARTLARI'!$F$2:$F$10000,'RAW_HESAP_KARTLARI'!$A$2:$A$10000,"602.01.02.0003",'RAW_HESAP_KARTLARI'!$D$2:$D$10000,$A7)-SUMIFS('RAW_HESAP_KARTLARI'!$E$2:$E$10000,'RAW_HESAP_KARTLARI'!$A$2:$A$10000,"602.01.02.0003",'RAW_HESAP_KARTLARI'!$D$2:$D$10000,$A7)) | W7: =ROUND(V7*20%,2) | X7: =(SUMIFS('RAW_HESAP_KARTLARI'!$F$2:$F$10000,'RAW_HESAP_KARTLARI'!$A$2:$A$10000,"391.01.03.0008",'RAW_HESAP_KARTLARI'!$D$2:$D$10000,$A7)-SUMIFS('RAW_HESAP_KARTLARI'!$E$2:$E$10000,'RAW_HESAP_KARTLARI'!$A$2:$A$10000,"391.01.03.0008",'RAW_HESAP_KARTLARI'!$D$2:$D$10000,$A7)) | Y7: =ROUND(X7-W7,2) | Z7: =IF(ABS(V7)<0.005,"HAREKET YOK",IF(ABS(Y7)<=AYARLAR!$B$2,"TUTUYOR",IF(ABS(Y7)<=100,"KÜÇÜK FARK","TUTMUYOR"))) | AA7: =(SUMIFS('RAW_HESAP_KARTLARI'!$F$2:$F$10000,'RAW_HESAP_KARTLARI'!$A$2:$A$10000,"646.01.01.0003",'RAW_HESAP_KARTLARI'!$D$2:$D$10000,$A7)-SUMIFS('RAW_HESAP_KARTLARI'!$E$2:$E$10000,'RAW_HESAP_KARTLARI'!$A$2:$A$10000,"646.01.01.0003",'RAW_HESAP_KARTLARI'!$D$2:$D$10000,$A7)) | AB7: =ROUND(AA7*10%,2) | AC7: =(SUMIFS('RAW_HESAP_KARTLARI'!$F$2:$F$10000,'RAW_HESAP_KARTLARI'!$A$2:$A$10000,"391.01.04.0002",'RAW_HESAP_KARTLARI'!$D$2:$D$10000,$A7)-SUMIFS('RAW_HESAP_KARTLARI'!$E$2:$E$10000,'RAW_HESAP_KARTLARI'!$A$2:$A$10000,"391.01.04.0002",'RAW_HESAP_KARTLARI'!$D$2:$D$10000,$A7)) | AD7: =ROUND(AC7-AB7,2) | AE7: =IF(ABS(AA7)<0.005,"HAREKET YOK",IF(ABS(AD7)<=AYARLAR!$B$2,"TUTUYOR",IF(ABS(AD7)<=100,"KÜÇÜK FARK","TUTMUYOR"))) | AF7: =(SUMIFS('RAW_HESAP_KARTLARI'!$E$2:$E$10000,'RAW_HESAP_KARTLARI'!$A$2:$A$10000,"191.01.01.0001",'RAW_HESAP_KARTLARI'!$D$2:$D$10000,$A7)-SUMIFS('RAW_HESAP_KARTLARI'!$F$2:$F$10000,'RAW_HESAP_KARTLARI'!$A$2:$A$10000,"191.01.01.0001",'RAW_HESAP_KARTLARI'!$D$2:$D$10000,$A7)) | AG7: =(SUMIFS('RAW_HESAP_KARTLARI'!$E$2:$E$10000,'RAW_HESAP_KARTLARI'!$A$2:$A$10000,"191.01.01.0002",'RAW_HESAP_KARTLARI'!$D$2:$D$10000,$A7)-SUMIFS('RAW_HESAP_KARTLARI'!$F$2:$F$10000,'RAW_HESAP_KARTLARI'!$A$2:$A$10000,"191.01.01.0002",'RAW_HESAP_KARTLARI'!$D$2:$D$10000,$A7)) | AH7: =(SUMIFS('RAW_HESAP_KARTLARI'!$E$2:$E$10000,'RAW_HESAP_KARTLARI'!$A$2:$A$10000,"191.01.01.0003",'RAW_HESAP_KARTLARI'!$D$2:$D$10000,$A7)-SUMIFS('RAW_HESAP_KARTLARI'!$F$2:$F$10000,'RAW_HESAP_KARTLARI'!$A$2:$A$10000,"191.01.01.0003",'RAW_HESAP_KARTLARI'!$D$2:$D$10000,$A7)) | AI7: =(SUMIFS('RAW_HESAP_KARTLARI'!$E$2:$E$10000,'RAW_HESAP_KARTLARI'!$A$2:$A$10000,"191.01.01.0006",'RAW_HESAP_KARTLARI'!$D$2:$D$10000,$A7)-SUMIFS('RAW_HESAP_KARTLARI'!$F$2:$F$10000,'RAW_HESAP_KARTLARI'!$A$2:$A$10000,"191.01.01.0006",'RAW_HESAP_KARTLARI'!$D$2:$D$10000,$A7)) | AJ7: =(SUMIFS('RAW_HESAP_KARTLARI'!$F$2:$F$10000,'RAW_HESAP_KARTLARI'!$A$2:$A$10000,"391.01.03.0001",'RAW_HESAP_KARTLARI'!$D$2:$D$10000,$A7)-SUMIFS('RAW_HESAP_KARTLARI'!$E$2:$E$10000,'RAW_HESAP_KARTLARI'!$A$2:$A$10000,"391.01.03.0001",'RAW_HESAP_KARTLARI'!$D$2:$D$10000,$A7)) | AK7: =(SUMIFS('RAW_HESAP_KARTLARI'!$F$2:$F$10000,'RAW_HESAP_KARTLARI'!$A$2:$A$10000,"391.01.03.0003",'RAW_HESAP_KARTLARI'!$D$2:$D$10000,$A7)-SUMIFS('RAW_HESAP_KARTLARI'!$E$2:$E$10000,'RAW_HESAP_KARTLARI'!$A$2:$A$10000,"391.01.03.0003",'RAW_HESAP_KARTLARI'!$D$2:$D$10000,$A7))+(SUMIFS('RAW_HESAP_KARTLARI'!$F$2:$F$10000,'RAW_HESAP_KARTLARI'!$A$2:$A$10000,"391.01.03.0008",'RAW_HESAP_KARTLARI'!$D$2:$D$10000,$A7)-SUMIFS('RAW_HESAP_KARTLARI'!$E$2:$E$10000,'RAW_HESAP_KARTLARI'!$A$2:$A$10000,"391.01.03.0008",'RAW_HESAP_KARTLARI'!$D$2:$D$10000,$A7)) | AL7: =(SUMIFS('RAW_HESAP_KARTLARI'!$F$2:$F$10000,'RAW_HESAP_KARTLARI'!$A$2:$A$10000,"391.01.03.0009",'RAW_HESAP_KARTLARI'!$D$2:$D$10000,$A7)-SUMIFS('RAW_HESAP_KARTLARI'!$E$2:$E$10000,'RAW_HESAP_KARTLARI'!$A$2:$A$10000,"391.01.03.0009",'RAW_HESAP_KARTLARI'!$D$2:$D$10000,$A7))+(SUMIFS('RAW_HESAP_KARTLARI'!$F$2:$F$10000,'RAW_HESAP_KARTLARI'!$A$2:$A$10000,"391.01.04.0002",'RAW_HESAP_KARTLARI'!$D$2:$D$10000,$A7)-SUMIFS('RAW_HESAP_KARTLARI'!$E$2:$E$10000,'RAW_HESAP_KARTLARI'!$A$2:$A$10000,"391.01.04.0002",'RAW_HESAP_KARTLARI'!$D$2:$D$10000,$A7)) | AM7: =ROUND(D7+I7+AJ7+AK7+AL7,2) | AN7: =ROUND(AF7+AG7+AH7+AI7+N7+S7,2) | AO7: =ROUND(AM7-AN7,2) | AP7: =IF(AO7>0,"ÖDENECEK KDV",IF(AO7<0,"DEVREDEN KDV","SIFIR")) | AQ7: =COUNTIF(F7:AE7,"TUTMUYOR")+COUNTIF(F7:AE7,"KÜÇÜK FARK") | AR7: =IF($AQ7=0,"Sorun yok / tolerans içinde",TEXTJOIN(" | ",TRUE,IF(AND($F7<>"TUTUYOR",$F7<>"HAREKET YOK"),"600 %10: "&IF($E7>0,"391 %10 fazla; %20 olması gereken matrah %10 gelirde kalmış, çift KDV veya yanlış mapping olabilir","391 %10 eksik; %10 gelir 391 KDV hesabına eksik yansımış olabilir"),""),IF(AND($K7<>"TUTUYOR",$K7<>"HAREKET YOK"),"600 %20: "&IF($J7>0,"391 %20 fazla; %20 KDV mükerrer/fazla çalışmış olabilir","391 %20 eksik; %20 gelir 391 KDV hesabına eksik yansımış olabilir"),""),IF(AND($P7<>"TUTUYOR",$P7<>"HAREKET YOK"),"610 %10: "&IF($O7>0,"191 satış iade KDV fazla; iade KDV mükerrer/manuel fazla olabilir","191 satış iade KDV eksik; satış iadesi KDV hesabına bağlanmamış olabilir"),""),IF(AND($U7<>"TUTUYOR",$U7<>"HAREKET YOK"),"610 %20: "&IF($T7>0,"191 %20 satış iade KDV fazla olabilir","191 %20 satış iade KDV eksik olabilir"),""),IF(AND($Z7<>"TUTUYOR",$Z7<>"HAREKET YOK"),"602/391: "&IF($Y7>0,"391 ilave KDV fazla; alış iade/ciro primi KDV mapping kontrol edilmeli","391 ilave KDV eksik; alış iade/ciro primi KDV mapping kontrol edilmeli"),""),IF(AND($AE7<>"TUTUYOR",$AE7<>"HAREKET YOK"),"646/391: "&IF($AD7>0,"391 ilave KDV fazla; kur farkı KDV oranı veya hesap eşleşmesi kontrol edilmeli","391 ilave KDV eksik; kur farkı KDV mapping kontrol edilmeli"),""))) | AS7: =IF($AQ7=0,"Fiş düzeltmesi gerekmiyor",TEXTJOIN(" / ",TRUE,IF(AND($F7<>"TUTUYOR",$F7<>"HAREKET YOK"),"600-391 gelir entegrasyonu ve KDV oran mapping", ""),IF(AND($K7<>"TUTUYOR",$K7<>"HAREKET YOK"),"600 %20 gelir ve 391 %20 KDV fişi", ""),IF(AND($P7<>"TUTUYOR",$P7<>"HAREKET YOK"),"610 satış iadesi ve 191 satıştan iade KDV", ""),IF(AND($U7<>"TUTUYOR",$U7<>"HAREKET YOK"),"610 %20 iade ve 191 %20 iade KDV", ""),IF(AND($Z7<>"TUTUYOR",$Z7<>"HAREKET YOK"),"602 ciro/iskonto geliri ve 391 ilave KDV", ""),IF(AND($AE7<>"TUTUYOR",$AE7<>"HAREKET YOK"),"646 kur farkı ve 391 ilave KDV", ""))) | AT7: =IF(COUNTIF($F7:$AE7,"TUTMUYOR")>0,"YÜKSEK",IF(COUNTIF($F7:$AE7,"KÜÇÜK FARK")>0,"ORTA","DÜŞÜK"))

Sheet GIDER_7xx_191
A1: 7’Lİ GİDER HESAPLARI / 191 İNDİRİLECEK KDV RİSK ÖZETİ
A3: Şube | B3: 7xx Gider Net Borç | C3: 191 İndirilecek Toplam | D3: 191 Tevkifatlı | E3: 7xx Tahmini %10 | F3: 7xx Tahmini %20 | G3: Beyanname | H3: Açıklama
A4: =KDV_HESAP_TABANI!A2 | B4: =SUMIFS('RAW_HESAP_KARTLARI'!$E$2:$E$10000,'RAW_HESAP_KARTLARI'!$A$2:$A$10000,"7*",'RAW_HESAP_KARTLARI'!$D$2:$D$10000,A4)-SUMIFS('RAW_HESAP_KARTLARI'!$F$2:$F$10000,'RAW_HESAP_KARTLARI'!$A$2:$A$10000,"7*",'RAW_HESAP_KARTLARI'!$D$2:$D$10000,A4) | C4: =KDV_HESAP_TABANI!AF2+KDV_HESAP_TABANI!AG2+KDV_HESAP_TABANI!AH2 | D4: =KDV_HESAP_TABANI!AI2 | E4: =ROUND(B4*10%,2) | F4: =ROUND(B4*20%,2) | G4: KDV1 | H4: 191 sadece 7xx giderlerden oluşmak zorunda değildir; stok, demirbaş, avans, düzeltme ve tevkifat kaynakları ayrıca kontrol edilir.
A5: =KDV_HESAP_TABANI!A3 | B5: =SUMIFS('RAW_HESAP_KARTLARI'!$E$2:$E$10000,'RAW_HESAP_KARTLARI'!$A$2:$A$10000,"7*",'RAW_HESAP_KARTLARI'!$D$2:$D$10000,A5)-SUMIFS('RAW_HESAP_KARTLARI'!$F$2:$F$10000,'RAW_HESAP_KARTLARI'!$A$2:$A$10000,"7*",'RAW_HESAP_KARTLARI'!$D$2:$D$10000,A5) | C5: =KDV_HESAP_TABANI!AF3+KDV_HESAP_TABANI!AG3+KDV_HESAP_TABANI!AH3 | D5: =KDV_HESAP_TABANI!AI3 | E5: =ROUND(B5*10%,2) | F5: =ROUND(B5*20%,2) | G5: KDV1 | H5: 191 sadece 7xx giderlerden oluşmak zorunda değildir; stok, demirbaş, avans, düzeltme ve tevkifat kaynakları ayrıca kontrol edilir.
A6: =KDV_HESAP_TABANI!A4 | B6: =SUMIFS('RAW_HESAP_KARTLARI'!$E$2:$E$10000,'RAW_HESAP_KARTLARI'!$A$2:$A$10000,"7*",'RAW_HESAP_KARTLARI'!$D$2:$D$10000,A6)-SUMIFS('RAW_HESAP_KARTLARI'!$F$2:$F$10000,'RAW_HESAP_KARTLARI'!$A$2:$A$10000,"7*",'RAW_HESAP_KARTLARI'!$D$2:$D$10000,A6) | C6: =KDV_HESAP_TABANI!AF4+KDV_HESAP_TABANI!AG4+KDV_HESAP_TABANI!AH4 | D6: =KDV_HESAP_TABANI!AI4 | E6: =ROUND(B6*10%,2) | F6: =ROUND(B6*20%,2) | G6: KDV1 | H6: 191 sadece 7xx giderlerden oluşmak zorunda değildir; stok, demirbaş, avans, düzeltme ve tevkifat kaynakları ayrıca kontrol edilir.
A7: =KDV_HESAP_TABANI!A5 | B7: =SUMIFS('RAW_HESAP_KARTLARI'!$E$2:$E$10000,'RAW_HESAP_KARTLARI'!$A$2:$A$10000,"7*",'RAW_HESAP_KARTLARI'!$D$2:$D$10000,A7)-SUMIFS('RAW_HESAP_KARTLARI'!$F$2:$F$10000,'RAW_HESAP_KARTLARI'!$A$2:$A$10000,"7*",'RAW_HESAP_KARTLARI'!$D$2:$D$10000,A7) | C7: =KDV_HESAP_TABANI!AF5+KDV_HESAP_TABANI!AG5+KDV_HESAP_TABANI!AH5 | D7: =KDV_HESAP_TABANI!AI5 | E7: =ROUND(B7*10%,2) | F7: =ROUND(B7*20%,2) | G7: KDV1 | H7: 191 sadece 7xx giderlerden oluşmak zorunda değildir; stok, demirbaş, avans, düzeltme ve tevkifat kaynakları ayrıca kontrol edilir.
A8: =KDV_HESAP_TABANI!A6 | B8: =SUMIFS('RAW_HESAP_KARTLARI'!$E$2:$E$10000,'RAW_HESAP_KARTLARI'!$A$2:$A$10000,"7*",'RAW_HESAP_KARTLARI'!$D$2:$D$10000,A8)-SUMIFS('RAW_HESAP_KARTLARI'!$F$2:$F$10000,'RAW_HESAP_KARTLARI'!$A$2:$A$10000,"7*",'RAW_HESAP_KARTLARI'!$D$2:$D$10000,A8) | C8: =KDV_HESAP_TABANI!AF6+KDV_HESAP_TABANI!AG6+KDV_HESAP_TABANI!AH6 | D8: =KDV_HESAP_TABANI!AI6 | E8: =ROUND(B8*10%,2) | F8: =ROUND(B8*20%,2) | G8: KDV1 | H8: 191 sadece 7xx giderlerden oluşmak zorunda değildir; stok, demirbaş, avans, düzeltme ve tevkifat kaynakları ayrıca kontrol edilir.
A9: =KDV_HESAP_TABANI!A7 | B9: =SUMIFS('RAW_HESAP_KARTLARI'!$E$2:$E$10000,'RAW_HESAP_KARTLARI'!$A$2:$A$10000,"7*",'RAW_HESAP_KARTLARI'!$D$2:$D$10000,A9)-SUMIFS('RAW_HESAP_KARTLARI'!$F$2:$F$10000,'RAW_HESAP_KARTLARI'!$A$2:$A$10000,"7*",'RAW_HESAP_KARTLARI'!$D$2:$D$10000,A9) | C9: =KDV_HESAP_TABANI!AF7+KDV_HESAP_TABANI!AG7+KDV_HESAP_TABANI!AH7 | D9: =KDV_HESAP_TABANI!AI7 | E9: =ROUND(B9*10%,2) | F9: =ROUND(B9*20%,2) | G9: KDV1 | H9: 191 sadece 7xx giderlerden oluşmak zorunda değildir; stok, demirbaş, avans, düzeltme ve tevkifat kaynakları ayrıca kontrol edilir.

Sheet KDV_NASIL_HESAPLANIR
A1: KDV NEYE GÖRE / NASIL HESAPLANIR?
A3: Konu | B3: Formül | C3: Örnek / Robot Mantığı | D3: Beyanname | E3: Hesap Grubu | F3: Borç-Alacak Mantığı | G3: Kontrol Cümlesi | H3: Not
A4: KDV hariç matrahtan KDV | B4: KDV = Matrah x KDV Oranı | C4: 100.000 TL x %10 = 10.000 TL | D4: KDV1 | E4: 600 / 391 | F4: 600 Alacak; 391 Alacak | G4: 600 matrahın KDV’si 391’de aynı oranla oluşmalı. | H4: Otel gelirlerinde oran, ürün/hizmet mahiyetine göre belirlenir.
A5: KDV dahil tutardan KDV ayırma | B5: KDV = KDV Dahil Tutar x Oran / (1+Oran) | C5: 110.000 x 10/110 = 10.000 TL | D5: KDV1 | E5: Satış / Folio | F5: Toplamdan matrah ayrıştırılır | G5: Folio KDV dahilse önce matrah ayrılır. | H5: Robot hesap kartındaki matrah hesaplarını esas alır.
A6: %10 gelir kontrolü | B6: Beklenen KDV = 600 %10 Matrah x %10 | C6: 600 %10 gelir grubu | D6: KDV1 | E6: 600 ↔ 391 | F6: Alacak-Borç | G6: Fark varsa yanlış oran, mapping veya yuvarlama aranır.
A7: %20 gelir kontrolü | B7: Beklenen KDV = 600 %20 Matrah x %20 | C7: %20 diğer gelir / genel oran | D7: KDV1 | E7: 600 ↔ 391 | F7: Alacak-Borç | G7: %20 matrah 391 %20 hesabına gitmeli.
A8: Satış iadesi | B8: Beklenen KDV = 610 İade Matrahı x oran | C8: 610 borç, 191 satıştan iade KDV | D8: KDV1 | E8: 610 ↔ 191 | F8: Borç-Alacak | G8: İade KDV’si 191 satıştan iade hesabında olmalı.
A9: İndirilecek KDV | B9: Fatura KDV tutarı 191’e borç kaydedilir | C9: Yurtiçi alış/gider faturaları | D9: KDV1 | E9: 191 | F9: Borç-Alacak | G9: 191 indirilecek KDV, KDV1 indirim bölümüne gider. | H9: 7xx ile birebir olmak zorunda değildir.
A10: İlave edilecek KDV / alıştan iade | B10: İlave KDV 391’e alacak kaydedilir | C10: Alış iadesi, ciro primi, kur farkı vb. | D10: KDV1 | E10: 391.01.03 / 391.01.04 | F10: Alacak-Borç | G10: İlave KDV 391 tarafında net KDV’yi artırır.
A11: Tevkifat / sorumlu sıfatı | B11: KDV2 ile beyan; şartları varsa KDV1’de indirim | C11: Tevkifatlı alış/fatura varsa | D11: KDV2 + KDV1 | E11: 191 tevkifatlı | F11: Borç-Alacak | G11: KDV2 beyan/ödeme ve KDV1 indirim eşleşmesi ayrıca kontrol edilir.
A14: Mini Hesap Makinesi | B14: Matrah / KDV Dahil | C14: Oran | D14: KDV | E14: Net / Toplam
A15: %10 matrahtan KDV | B15: 100000 | C15: 0.1 | D15: =B15*C15 | E15: =B15+D15
A16: %20 matrahtan KDV | B16: 100000 | C16: 0.2 | D16: =B16*C16 | E16: =B16+D16
A17: KDV dahil ayırma | B17: 110000 | C17: 0.1 | D17: =B17*C17/(1+C17) | E17: =B17-D17

Sheet BEYANNAME_YOL_HARITASI
A1: KDV BEYANNAME YOL HARİTASI - HANGİ KDV HANGİ BEYANNAMENİN KONUSU?
A3: Hesap / İşlem | B3: Robotta Okunan Hesaplar | C3: KDV Hesaplama Mantığı | D3: Beyanname | E3: Beyanname Bölümü | F3: Kontrol / Açıklama
A4: Otel satış gelirleri %10 | B4: 600 %10 gelir hesapları + 391.01.01.0002 | C4: Matrah x %10 | D4: KDV1 | E4: Matrah / Hesaplanan KDV | F4: 600 %10 toplamı ile 391 %10 aynı olmalı.
A5: Genel orana tabi satışlar %20 | B5: 600 %20 gelir hesapları + 391.01.01.0003 | C5: Matrah x %20 | D5: KDV1 | E5: Matrah / Hesaplanan KDV | F5: Alkollü içecek, logolu ürün, genel oranlı diğer satışlar bu gruba düşebilir.
A6: Satıştan iadeler %10/%20 | B6: 610 satış iade hesapları + 191.01.02 hesapları | C6: İade matrahı x oran | D6: KDV1 | E6: İndirimler / satıştan iadeler | F6: İade KDV’si 191 satıştan iade hesabında takip edilir.
A7: Yurtiçi alış/gider KDV | B7: 191.01.01.0001 / 0002 / 0003 | C7: Fatura KDV tutarı | D7: KDV1 | E7: İndirilecek KDV | F7: İndirim hakkı için belge ve dönem şartı ayrıca kontrol edilir.
A8: Tevkifatlı indirilecek KDV | B8: 191.01.01.0006 | C8: Tevkifatlı faturadaki indirilecek kısım | D8: KDV1 + KDV2 teyit | E8: KDV1 indirim / KDV2 sorumlu sıfatı | F8: Tevkifat sorumluluğu varsa KDV2 beyanı ve ödeme durumu ayrıca kontrol edilmeli.
A9: Alıştan iade / ilave KDV | B9: 391.01.03.* / 391.01.04.* | C9: İade/ilave edilecek KDV tutarı | D9: KDV1 | E9: İlave edilecek KDV | F9: Net ödenecek KDV’yi artırır.
A10: Ciro primi / alış iskonto geliri | B10: 602.01.02.0003 + 391.01.03.0008 | C10: Matrah x %20 | D10: KDV1 | E10: İlave KDV / hesaplanan KDV mantığı | F10: 602 matrahının KDV karşılığı 391 ilave KDV ile uyumlu olmalı.
A11: Kur farkı / ilave KDV | B11: 646.01.01.0003 + 391.01.04.0002 | C11: Matrah x oran | D11: KDV1 | E11: İlave edilecek KDV | F11: Kur farkı KDV hesaplanan işlem ise 391 ilave KDV ile kontrol edilir.
A12: Merkez şubeler | B12: GİTAŞ MERKEZ / SERTAŞ MERKEZ | C12: Robot kapsam dışı | D12: - | E12: - | F12: Bu dosyada merkezler hariç tutulmuştur.

Sheet AYARLAR
A1: AYARLAR | D1: ŞUBE LİSTESİ (MERKEZLER HARİÇ)
A2: Tolerans TL | B2: 1 | D2: ROYAL ADAM EVE
A3: RAW aralığı | B3: A2:L10000 | D3: ROYAL ALHAMBRA
A4: Merkezler | B4: GİTAŞ MERKEZ / SERTAŞ MERKEZ dahil edilmez | D4: ROYAL DRAGON
A5: Kredi tabiatlı hesaplar | B5: Alacak - Borç | D5: ROYAL HOLIDAY
A6: Borç tabiatlı hesaplar | B6: Borç - Alacak | D6: ROYAL SEGINUS
A7: KDV1 | B7: 600 / 610 / 191 / 391 hesaplarından beyanname icmali | D7: STONE ÇARŞI
A8: KDV2 | B8: Tevkifat / sorumlu sıfatıyla işlem varsa ayrıca kontrol edilir

Sheet KAYNAKLAR
A1: KAYNAKLAR / MEVZUAT NOTLARI
A3: Konu | B3: Kaynak | C3: URL | D3: Robotta Kullanım
A4: KDV1 ve KDV2 beyanname formları | B4: Gelir İdaresi Başkanlığı | C4: https://www.gib.gov.tr/yardim-kaynaklar/beyanname-formlari-ve-bildirimler | D4: KDV1/KDV2 ayrımı ve beyanname yol haritası
A5: Güncel KDV oranları listesi | B5: Gelir İdaresi Başkanlığı | C5: https://www.gib.gov.tr/yardim-ve-kaynaklar/yararli-bilgiler/kdv-oranlari-listesi | D5: %1 / %10 / %20 oran mantığı
A6: KDV Kanunu | B6: 3065 sayılı Katma Değer Vergisi Kanunu | C6: https://www.gib.gov.tr/mevzuat/kanun/436 | D6: KDV’nin konusu, indirim ve sorumlu sıfatıyla beyan mantığı
A7: e-Beyan KDV1 teknik doküman | B7: GİB e-Beyan KDV1 | C7: https://ebeyan.gib.gov.tr/entegrator/docs/kdv1/ | D7: KDV1 içinde sorumlu sıfatıyla ödenen KDV / indirim teyidi
A8: e-Beyan KDV2 teknik doküman | B8: GİB e-Beyan KDV2 | C8: https://ebeyan.gib.gov.tr/entegrator/docs/kdv2 | D8: KDV2 sorumlu sıfatıyla beyan mantığı

Sheet KULLANIM
A1: KULLANIM TALİMATI
A3: Adım | B3: Başlık | C3: Açıklama
A4: 1 | B4: RAW_HESAP_KARTLARI sayfasına git. | C4: Yeni Hesap Kartları Rakamları raporunu A1 hücresinden itibaren başlıklarıyla birlikte yapıştır.
A5: 2 | B5: Merkezler hariç kontrol edilir. | C5: GİTAŞ MERKEZ ve SERTAŞ MERKEZ robot kapsamına alınmaz.
A6: 3 | B6: Dashboard otomatik okur. | C6: Excel hesaplama otomatik değilse F9 tuşuna bas.
A7: 4 | B7: KDV_BEYAN_ICMAL sayfasını oku. | C7: Şube şube hesaplanan, indirilecek, ilave, iade ve net KDV burada çıkar.
A8: 5 | B8: KDV_ORAN_KONTROL sayfasını incele. | C8: Fark veren satırda hangi hesap grubu hatalı yazıyor.
A9: 6 | B9: KDV_NASIL_HESAPLANIR ve BEYANNAME_YOL_HARITASI sayfalarını kullan. | C9: Hangi KDV’nin hangi beyannamede verileceği ve hesaplama mantığı burada yazılıdır.
A11: Yeni eklenen hata nedeni motoru | B11: Dashboard K sütunu hata nedenini, L sütunu kontrol edilecek fiş/hap alanını gösterir. Detay için HATA_NEDEN_MOTORU sayfasına bakılır.
